0,0,0.8746595552302538,0.989933418578176,0.973913105862719,1.0386666511270928,1.2643823492434012,1.1707914365039478,1.2629314385730954,1.2900640071657883,1.222076903550814,1.248488348395476
0,0,0.04640497140233474,0.0367054266626092,0.09657478694468213,0.09588611167383487,0.07999654799545622,0.07738316360464335,0.19597861855215282,0.22033673554840721,0.13696738833840627,0.2538008253810243,-0.20209159887123698,-0.15702300455836388,-0.15743107701606202,-0.18809144096114772,-0.015638100032213925,-0.03316676217026957,0.07458126780206646,0.1449659904418541,-0.40491217173438787,-0.9429989518359496,-1.1981076489180391,-0.2846244736733121
0,0,1.142325551089861,1.1435129714906158,1.0938287983411592,1.0579466188898494,1.1048033165797662,1.0938337401668528,1.1710989683257782,1.4079872039231767,1.4107787329359613,1.2344455636751521,1.4058527706279835,1.7232102414205015,1.7347811034625966,2.045540350577931,1.8742270248006299,1.9610015163592163,2.1281304836241617,2.061128152031581
0,0,0.057231513844963916,0.12470441160557441,0.15266899358610553,0.15708737532293993,0.19897162393560308,0.17917359470188093,0.15333012588280176,0.17470190320252532,0.21886166748249636,0.18022096615917466,0.17102329327913557,0.018459221686724973,0.04151497846871474,-0.011743829754805916,0.08317213421466502,0.08227004973484954,-0.02698478932178123,0.10074426874685949,0.16804313775268537,0.23186854915040087,0.18479686956913965,0.38282209876413553,0.82557308881263
0,0,1.2727420711285753,1.2945995702733537,1.2817972902169061,1.3275453012590293,1.4151029128775807,1.3371898739726404,1.5470880966436464,1.5536821211913716,1.5835739152763402,1.6155073569265908,1.7790872647366598,2.044794409806376,2.1813914630768494,2.0346787869214333,2.330553485063965,2.370106156323834,2.471039296615346,2.7412883235335954
0,0,0.0967567574449785,0.08672109142220605,0.04905434053354381,0.0322416268226902,0.04889585767689962,0.04901357281419284,0.05203021140487557,0.010231538552742635,0.004093548986068955,-0.010990095682880906,-0.00242773160318651,-0.1118935821023662,-0.08631099040651316,-0.057964952907013645,0.03443256484326268,0.05973081071630317,0.05805730528888048,0.08064288931279603
0,0,1.0260781049665946,1.0953889192791502,1.179785954935395,1.2434076061228008,1.3811429016459902,1.4694331605731077,1.7126028774749726,1.6668848551745292,1.403638350664351,1.6967326410879076,1.6576579138436323,1.8843349546987556,1.7418260363482179,1.7602169135333046,1.54975259351095,1.5262530254447144,1.485327810149517
0,0,0.09272611448196996,0.08351344361998456,0.1005162652541878,0.041025671482909504,0.03814864174314121,0.18800540040926672,0.050860619285178696,0.05959404952909972,0.058575532357071455,0.062443351990498476,0.026871032971602885,0.10867009739445335,0.13391281032913968,0.13427986624909533,0.11039742716579078,0.1276876455700172
0,0,0.8429344741814471,1.033557576225642,1.1508351638612222,1.1388501794941854,1.2654684703698087,1.256776887690548,1.4530866936300664,1.469882177858521,1.3843180126001835,1.3371292126294132,1.4437111231815054,1.58599932907968,1.3518059318374833
0,0,-0.2541958893491163,-0.25571207333912865,-0.20359832148017873,-0.26629272421320643,-0.26428908795350725,-0.16362525829918934,-0.111453337768809,-0.028325833970741086,-0.016484563079264984,-0.01638540303554921,0.022572759098299262,0.06846715282088149,0.08888212562278916,0.1683266027347074,0.27852780961111656
0,0,1.1711035673158576,1.2569515942810603,1.18561369327373,1.2617489631205854,1.3992022434976348,1.4449827806884643,1.3222937382243074,1.1571129086686922,1.1004401070294096,1.3756771824707674,1.3374856465408,0.9243141165924786,1.1870197542604
0,0,0.10776697397932589,0.11715177223127363,0.037727508576923224,0.019190789590670047,0.04075348017058278,0.04984266781152011,0.0899409831644348,0.0720120754197921,0.1699782631881928,0.17825462960372856,0.13963605075650926,0.1974328653751405,0.25250529797833743
0,0,0.7629613409774674,0.740956041403389,0.6898554676054836,0.6798983095458664,0.6380053266651179,0.6421508813671382,0.6249463086507405,0.6234961976635967,0.6657532383134762,0.5679700652124234,0.6417322039393676,1.0795912518531239,1.0386591949245554,1.0338883793359128,0.932006093868999,0.8918975966407306,0.9390063401787196,0.8826894032124439,0.7230485477555407,0.6453053213709418,0.7787895701554557,0.6517627951415499,0.43748117987125806,0.7908556661879174,1.8095201818573283,1.6958130617946434,1.9762367523700328,2.0564635192179876,2.3048775211989616,2.2093091350579748,2.278373743291586,2.3436525520234817,2.712895178027356
0,0,0.13152830291965695,0.10852039858744628,0.10148591440134734,0.11458557170409053,0.09007845521119232,0.0862839364169306,0.08587723290404639,0.07832611532508124,0.04492620668493705,0.10824259068041003,0.11284296005196333,0.06884739916750318,0.11714340093216788,0.09910804458624713,0.10431859046589237,0.06792235984033172,-0.00737825875765219,0.02450251517532817,0.0438762284618333,0.12318708363484523,0.06002833113089528,0.18788538314084358,0.15696397981036844,-0.00016937085010211139,0.13798269790318185,0.1283287037636127,0.1689429410896392,0.29993732380890104,0.2915206029872871,0.27879844755668726,0.26115078172077655,0.22565932395956684,0.062448817024090476
0,0,0.5699988190948495,0.5363122925110739,0.5953498057681208,0.5406185359302917,0.6067074332021152,0.5216590244468311,0.6607132545746998,0.6010411691821481,0.6263664541675246,0.7058950835455073,0.887468115927001,1.0284693346287466,0.9560005170533219,1.0039128614793509,1.1166774360843263,1.0194449929623592,0.9866558941555039,0.9058898772069407,0.9806138108958661,0.871759654179582
0,0,0.19417285781788274,0.1949754070189028,0.19373074373735777,0.18036538766543045,0.18497981668003427,0.20794727823196685,0.18844738961902185,0.19870959686303635,0.22422086322102802,0.21654165248941598,0.19293321171282246,0.22269458842672654,0.18804897867348258,0.18942328086439542,0.15701541775602437,0.1521587625314309,0.13189433812370524,0.11190255064041187,0.13784040692691557,0.1760418538350738,0.144103400695758,0.1257328744556557,0.06554885195540566,0.04048173750074129,0.09206073127911316,0.2876608379590437
0,0,1.181331988648099,1.4091368938103872,1.3992121738480254,1.3886484126118697,1.286657647098575,1.3366848676599623,1.2969429497777205,1.4212188114815874,1.1603470000203853,1.1319497631423103,0.8962013182515014,1.0033203448771877,0.8311870208562001,1.0311738928033405,1.0529837894372651,1.4313583638190686,1.9200050382256904,2.0970791199692336,2.281520575382256,2.2128181313898727,2.2218191498377817,2.484732638895646,2.365206336169579,2.733285941714776,3.429241577307969,3.351576913546907,3.9321592360416497,4.094742849025618
0,0,0.21107892431976244,0.12565833837161522,0.13352325786685093,0.12017657924555289,0.13788995158117434,0.09483600125622177,0.14611023493632622,0.14264217850172048,0.1827202754206811,0.08218989280548034,0.09377882827868408,0.12185225717615683,0.12391957251459561,0.13252220727025177,0.10145707913878962,0.1530735578644878,0.01904998183181069,0.037531313168041924,0.07699822263674472,0.13112918446125543,0.24877633137959868,0.3845583229596816,0.3361988996365799,0.3342488207462696,0.20614498482099497,0.38023985020121753
0,0,0.6679706006613559,0.6046421723699779,0.5458451080947109,0.4792037529913794,0.4877723508657253,0.8024983525697009,0.584816128109852,0.5090074423711772,0.6843520566155032,0.6224432000774137,0.6874563535053493,1.0382365458161282,1.0232945373834812,1.011345618316779,0.8495905654469945,0.9271926958819197,0.7461647025294146,0.7969343266034836
0,0,-0.06575998569925245,-0.08259975962188916,-0.0810316742040906,0.06677627237270682,0.116138512943152,0.04080426118023649,0.09961037433505243,0.05434658260840589,0.05700319929531572,0.017750399976627983,-0.0016486239846131533,0.04581636415389756,-0.03070896152559295,-0.024955263421263477,-0.07017467085768408,-0.09082786802567867,-0.09604719928963655,-0.08962806659345823,-0.05091031963098952,-0.10255009562054578,-0.08111192186779093,-0.12765123648398868,-0.25543009912622044
0,0,0.22638341450859537,0.19600454161745964,0.2618964472879581,0.21842325683203614,0.27409934428629223,0.22704846429903863,0.434883901409018,0.4364205931658109,0.4607819329205176,0.4514968495710624,0.4155567458329852,0.5188417633989594,0.5655542754448444,0.7372203507678289,0.8946132305156584,0.8765064211002096,0.7531567578321112,0.9016713846444784,0.6661873356847657,1.1451532663153943,1.134442859673835,1.6267879873268258,1.5217696738008646
0,0,-0.059497626360131145,-0.06044273215564211,-0.07647600782106166,-0.08340941597740086,-0.07419339317371038,-0.0840346973327536,-0.08579845740132708,-0.106247905106466,-0.10796672867879242,-0.05734545355566195,-0.005579252967541363,0.003789686347681915,0.004025187619969121,-0.008115930234509544,0.0004294717705869214,0.007934763472345127,-0.019857218113413566,-0.047807706884031194,-0.06654524280534356,0.033645117123207155,-0.03061185912464265,-0.06360371942722454,-0.04362600992749251
0,0,0.6508009718779058,0.6083610630413758,0.39713252097428253,0.5821203791379781,0.4675834122098207,0.46515679008059607,0.42226880861107063,0.5418896127031535,0.7103854048968459,0.7706601302300335,0.9444036056980623,0.6954176881806495,0.5398287688114352,0.8495329945320992,0.850959562281316,0.9095752266546144,0.9450848344474652,0.9560815976470189
0,0,0.004114793506590085,-0.09841492863622775,-0.04277157232445347,-0.07621309539541611,-0.06451964457496331,-0.06583959037611276,-0.07398236868283176,-0.07752477007818888,-0.08584252602646375,-0.07215399573869717,0.05967375470775038,-0.012230602589644327,-0.04575933956063295,-0.04371101205296089,0.05362975452342941,0.02722687833367546,0.024089198275766895,0.046092738011770766,0.05872411300140287,0.1171828637823912,0.07579226096269298,0.2645006621129305,0.1475193680936563
0,0,0.5345567928569461,0.5438347180546144,0.536940212384185,0.609797105520652,0.6410891987736693,0.6118467116310604,0.6256162146190646,0.6303932882757074,0.6402361553821377,0.710761145733631,0.6829023788165265,0.8318735146794651,0.7523722346861222,0.6747412807008386,0.8079555967536183,0.9432359063774977,0.7455429535581134,0.8665787536195452,0.8621777966469235,1.0473661404875894,0.8043795486987142,0.5521638403820059,0.4782295443878678
0,0,0.0399871416150341,0.0428559544344594,0.05695064324733394,0.07007046826532916,0.07594757857407028,0.10537686292521639,0.06293670897359321,0.033001482308704845,0.012525621246388195,0.007246976198824737,0.0035081355752131158,0.00969561813864743,0.021781860781556958,0.08367968363669123,0.09431394993478363,0.15605906296244734,0.15646355259657824,0.13050512278167753,0.08498124621525069,0.16450567854819856,0.14661095278907926,0.24125402286817155,0.2575976443252463,0.09148429461574617,0.29055798543323474,0.16517668675082728,0.1766750316526182,0.025892279644833895,0.027442874208854353,0.053287513630417935,0.22898696769323795,0.26549829964602,0.4707159107365416,0.44303326386731434,0.5040102314057219,0.40726000741715396,0.30025466708169835,0.1989180550258589,0.18994892310789036,0.08784270121906149,0.12341449686206292,0.20191931659224957,0.009555411034572109,0.007084268692294227,0.0022434870759670614,0.15210363150460576,0.15073722171966952,-0.039511877341133386,-0.04064938118272168,-0.07805535346821657,0.018319742443130484,0.20093674171914902,0.2620597771209092,0.26593784650664454,0.30483779269392347,0.2616620929552875,0.23409181233153814,0.3067454929127176,0.27683829519879033,0.25220560991966645,0.26870649516837186,0.26960540253063114,0.17780022476717122,0.2506563599306502,0.25567655354816443,0.23929150539689437,0.23895189160054892,0.23967328756862036,0.26399165346235665,0.2513536720136231,0.2670745036794344,0.25566065428119167,0.2553151756763035,0.21975223595381416,0.21652432610326294,0.21508935378419025,0.20443574237009604,0.2617246711953579,0.20899450303968609,0.23085446402894114,0.2501817415478329,0.20897896664290633,0.2146687704812787,0.20371327327891875,0.18689455832868362,0.19732649607589348,0.20857759493895056,0.22609093713358788,0.17384279719097434,0.21053439748100533,0.22066655820859388,0.2115271238807038,0.18638677169700107,0.19112564861868936,0.15761463813050638,0.1509461391893385,0.15508365919978084,0.15729991241378838,0.1626148388060859,0.16009071996753804,0.16658861583541873,0.23320634855694333,0.23343523556939355,0.20140711836988334,0.21340483171875024,0.21602476432686762,0.21356711792624988,0.21896155290023678,0.22102615843837306,0.21917590261879172,0.21278036004327247,0.20391683760697843,0.20453827962635007,0.21123899315591044,0.21844293139386933,0.21161242647997724,0.22566774660739014,0.22997143230482253,0.23313233855471077,0.2454251136407104,0.2474888402063365,0.2403384594091079,0.2608107758867286,0.23955099389639467,0.2647294095507581,0.29189974138727326,0.28044982040955907,0.29113531565576667,0.299161977286475,0.30318520407177163,0.30400323645525407,0.3004921737859757,0.29834233634144935,0.33021150256311615,0.2851240694514706,0.2915168275474907,0.2985688425062349
0,0,1.0655636714939807,1.0218559878832307,1.0238678631064415,1.0740085320995458,1.017483218171582,1.0469801125457783,1.0211795660087268,1.1779501069315863,0.9382297051288299,0.8131234434490913,0.7622565984484222,0.7492636933117509,0.8202488678340398,0.7439776780718196,0.5712594370642613,0.652028724861913,0.3983394232857004,0.31648096240114026
0,0,-0.06696318838911307,-0.07959375149888219,-0.1069044294720526,-0.03262154348421141,-0.0364605478566877,-0.02754465697043606,0.026770121094797705,0.02805910937771116,-0.003115954583876576,0.09714435609043177,0.09616962009958961,0.08909065992426701,0.09057535091693608,0.07878344599878424,0.2523513536836003,0.1079649471447957,0.060655927685258335,0.20789514930921763,0.24833001475089722,0.23561011722584768,0.2074228834788617,0.40047531629397204,0.44925807527651723,0.19341675778388484,0.26679109369091253,0.24371584975513488,0.3513241712224877,0.22449504131316536,0.17639062273110478,0.10601806271424769,0.1609007615608085,0.1538117852707631,0.2938097645450969,0.22452185198504748,0.24007488050927778,0.26718613607204855,0.2715363112122338,0.3113621914497262,0.281467794415462,0.1969438354023097,0.22190154277834773,0.18569337888772824,0.2449297823216734,0.2753200902551966,0.20339661545981508,0.3426994278873956,0.3193142737802167,0.3348044491042641,0.3699889713735276,0.3704354392624195,0.3880813679974666,0.40267351423481407,0.3220247087142485,0.31979425991010046,0.2937226347461829,0.23896477309975228,0.23441593267493835,0.22499030108059065,0.19963345037697147,0.198751381922686,0.22341595585611906,0.21977685866508692,0.2352628822563221,0.19913042331484945,0.22589197737073968,0.1947643049249311,0.20645897516168857,0.19295933854789665,0.18622357977493192,0.1819651443066382,0.21272422216019699,0.26954520793832415,0.25247699692144393,0.30148670000112854,0.3261900230067859,0.33941438534595203,0.3631049690741904,0.35253446390376797,0.3668202660588906,0.3830259416351358,0.34419952528425024,0.32289113351997445,0.27870980401760626,0.2869966913784422,0.2662865163938263,0.2473632210142538,0.23204727852610857,0.24518126210467245,0.2642133389338844,0.2837641783482058,0.2807345797951032,0.2895181807406242,0.2958622901532022,0.2826943688954634,0.2772936193568304,0.28928707542204557,0.2689091855662882,0.2904711106689957,0.29349582716484357,0.30357252901977416,0.283593977767304,0.2686538435118923,0.253595348603062,0.25572976635354217,0.21284270953118,0.2416736658823585,0.2233781767713459,0.21975626673575116,0.19221223175821342,0.1952393756052398,0.17386961711941384,0.1804042696969983,0.20039138569543902,0.1688415543633505,0.17738071858580043,0.15864342283088345,0.17033897592795189,0.18166393244956502,0.18437277893228857,0.18282208157003396,0.18150419743222734,0.18547287748466965,0.16296192116684532,0.1906131136622024,0.18769010463659477,0.18258638917898096,0.17723342167738892,0.1866624386126096,0.18774314591469146,0.19996501428238073,0.19774041690675703,0.20500721802332117,0.21967303054014542,0.21289872565937062
0,0,0.7140614931063117,0.72935009457254,0.7222555005176484,0.7927916659459447,0.829034231981955,0.795048394573165,0.7969978144529455,0.8522054018999964,0.9365376385709063,0.9320180426283331,0.8716955191754042,0.8350603732036848,0.7209702532735374,0.6702604873993863,0.6420766376601326,0.9212513419370157,0.909005625405087,0.9070962833964008,0.7722289308492694,0.465391455918683,0.8135353505408649,0.5759355313528035,0.8990115773278249,1.4675572769553813,1.5041010008937268,1.3845723024581233,1.4347687428874545,1.2983988138521008,1.0052798136187286,1.1716516468104126,1.266446365201467,1.0832190380943822,1.3159370356292033,1.1793800754313166,1.2487909965518345,1.2642530155069729,1.2943811672811334,1.2924267751538014,1.2057288012099503,1.2009781241835942,1.1241112229504417,1.1559278976751195,1.2134821943023886,1.0488550469358275,1.0625098078576172,1.0441270786558405,1.0665159299046572,1.0846945991441188,1.1510418107493818,1.1843458079684057,1.0997866590946823,1.1029752065349934,1.1068093015109812,1.128793136104578,1.0914207212495646,1.0612242841057284,1.0474535617197676,0.9796225951367088,0.9982339328792034,0.9846067746696561,1.0163442120023014,1.0625140672702131,1.0723307898375485,1.1369719763135517,1.1207372423212438,1.3227010446862963,1.3468617055167442,1.210433846963787,1.2110596365009951,1.2461802051255269,1.237232713852766,1.2476439948583242,1.2367758971565745,1.2109240274039312,1.2441122735724237,1.1459059009726589,0.9639455141895296,1.03998207643766,1.095358344727167,1.1992844991740532,1.1407059043982333,1.0700060073897506,1.1030360162776447,1.119042653708443,1.1016938179552218,1.1283504860081868,1.1192506300757539,1.0973714399870116,1.1372185912883106,1.1424620081147303,1.1527884024534147,1.0788324824395672,1.1309546144895095,1.121125160816514,1.1130159049947028,1.119470414269616,1.1051498324461129,1.1762507982268255,1.1302421351753291,1.2061831256059414,1.1837627343610904,1.2619180288166936,1.2516126345050385,1.1549423149614673,1.156868060619562,1.1633749885760756,1.1997439096434332,1.1621654620227766,1.21152935812,1.19193262965259,1.14762683313339,1.201186178237117,1.226452932628356,1.2221069373268096,1.2300368267817532,1.1961752893502746,1.207654470077982,1.1927531855663247,1.1941427183839526,1.1818762225236854,1.2151671596471998,1.2270487126361291,1.2115239763637915,1.1968098579819852,1.1440694433122458,1.1266120112482874,1.1503870774348288,1.1482290643297222,1.118250975705812,1.1395015363238428,1.1520542099290998,1.1225868614902024,1.0959738694654906,1.084767802618103,1.120450769386019
0,0,0.003637322529359159,-0.010041659250126064,-0.022855947076645483,0.08587219892501657,0.08217958251639734,0.08911310608293406,0.10646288557917397,0.11905407923626893,0.1207812905770639,0.10398260246838537,0.09234990430933274,0.056089017927173745,0.015031561779096883,0.013449063171503454,0.022588114382598758,0.09248453795732375,0.04139164294228564,0.05896055967068248,0.020256155092738575,0.30434866477844336,0.07717990408405541,-0.04478525067067879,-0.029982612929173147,0.16843385287298643,-0.008742253709918872,-0.03746135530129988,0.021875790884926596,0.25324903080511624,0.1205335189512473,0.2957835554427526,0.24710839155513847,0.14927099669300886,0.15272905312752091,0.11899419951185522,0.08085431237439092,0.12182054089096941,0.06279761715801384,-0.06162669188456781,0.017958327635835478,-0.012845336129040472,0.0006807038216340988,-0.1765829477486055,-0.1871849034909085,0.14170206622059872,0.11430273827597709,0.15042600091433972,0.16429403968367018,0.1224997429434361,0.12374910938024555,0.22063511805453628,0.21703744141351705,0.21030470176131824,0.18493011662586537,0.20859485581220066,0.2374275918710071,0.18272467171183254,0.18699634571883345,0.24849803965380746,0.2800726779127141,0.26787071520975236,0.27502894892077734,0.2786142855724854,0.24971925432837755,0.2606889282475547,0.25389610943512586,0.26535528783188067,0.2618529728271052,0.25807641397870373,0.24505169121203907,0.23993447943956042,0.27376706170993204,0.2612813562692099,0.2714355085579615,0.217200474394912,0.21404763692402268,0.18250308491057138,0.17411091280708113,0.17835183756666156,0.1826677236779334,0.1817431137941548,0.19255965352265075,0.22160997033331029,0.2109216169086748,0.19390560585989042,0.19203715036541508,0.20381378515504248,0.2024150018044352,0.19131246469084728,0.2118605249779917,0.1930300830357891,0.20347221596308843,0.17668550560735782,0.1958914207859526,0.18358222233062566,0.1817657052110791,0.1780200378473977,0.1662119998933903,0.16210259236778468,0.15327690339443165,0.14169003099845678,0.13984325353604907,0.13254210968891172,0.1376474587122668,0.14575895241284584,0.15946782692336803,0.15778714136677882,0.1664943567595387,0.16093338371243215,0.1542410119580629,0.13017025850151676,0.12255714479350442,0.0856027087225272,0.08025714023999315,0.07260947858078615,0.08897312134936383,0.08898324376764251,0.1049768110471656,0.14114210733731897,0.13888044972909,0.10775309747346785,0.13181083867727098,0.09227738205218844,0.10906813934388374,0.09490898445721731,0.07755184970183585,0.036297245921295476,0.0389518500165951,0.024841872058030158,0.029799161921108264,0.020069059718396107,0.05599565292008863,0.03517074976222228,0.019057225601214853,0.030158175102022115,0.04866432734237848
0,0,1.191513944727736,1.1437670328650544,1.1310398135796154,1.1449577218127915,1.282967918132916,1.2595492677981204,1.3180043288077756,1.3726604125896136,1.4277569423372993,1.8888347260840466,1.8903823566830271,1.9194257991000239,1.840152584442957,1.874104998130597,1.976087357287288,1.8190326390498197,2.0397620157169,1.767986004220429
0,0,0.13666704661441587,0.14956907240697875,0.1819917739547658,0.1832062300610158,0.17589538223077175,0.17975334076472738,0.1647623016924588,0.19426209676161094,0.20270431198611785,0.2652603941677857,0.24814333857860219,0.2567720360380764,0.32061718473879225,0.33785488562897126,0.3271626798061684,0.28519811074242574,0.3674234396409036,0.4427280754836072
0,0,1.2255432623397657,1.1711769533860719,1.0790149982405834,1.092545377458221,1.1193060009042566,1.1479029758716859,1.4136947285126844,1.345756726887709,1.4516334493885892,1.5747367890076618,1.4849315814658988,1.78068914675003,1.7318566934562585,1.815083899228247,1.7168982185489121,1.8489179759516832,1.710832951790014,1.8709997453380802
0,0,0.21347501421708265,0.2687742644192548,0.3167092069206755,0.40156846256386464,0.36580257539336347,0.32562489204525225,0.37505848962439137,0.41074342552405224,0.35219415727109404,0.4628045165856854,0.3622704799910731,0.3527156789601641,0.2737933506761371,0.35987898117855766,0.3300556620793984,0.3416271578533764,0.24722265076822625,0.36789412910594765
0,0,1.1630894464467152,1.1775759255496334,1.2862872372341356,1.3073368459274024,1.4529240554492222,1.4568625171398946,1.5487201312629733,1.5587202563010232,1.600026123348786,1.5597961017209299,1.6351880345340337,1.2285087737630935,1.077201253334499
0,0,0.1239529895293122,0.1956078071301301,0.17860155722693555,0.1506237965241554,0.1565734048788044,0.14670019984509491,0.1823504734456374,0.18196108103636538,0.2690981221447561,0.26237792720133146,0.21705872149902394,0.22831410068325186,0.17598786812241082,0.21716154822094774,0.3063108478442807,0.24715570651118962,0.37519782638656607,2.133387619158283
0,0,-0.1281747641040518,-0.06260234600149986,-0.08247951028002679,-0.039133734787074576,-0.1661432679938095,-0.05397650186689856,-0.13427142457947747,0.08683158551524114,0.06419373967956901,0.16221893346543692,0.1516776991777436,0.04440898064462967,-0.18667600598505196
0,0,0.12852367812210025,0.07558661311030127,0.08641256594513402,0.07760226921735648,0.029713198449591624,0.08747571412466629,0.11418579102103593,0.17985951004152967,0.18060523984333615,0.00901749928518087,0.1204883252560728,0.0653221520122263,0.07228149912860665,0.1085956548104122,0.06896765052964468,0.018894744544199316,0.11190977113933265,0.04102570078920967,0.008824303035470757,0.034340111285103156,0.14170219988853724,0.20600361243189674,0.22244235759592765,0.3163840240285357,0.25540667006949686,0.2800715831213901,0.2012959275829262,0.1250083276151915,0.2552004273954789,0.3209471872056954,0.47264860301879824,0.4596113362174925,0.5162106584846342,0.41075768678148833,0.3485363255125463,0.30249234542186265,0.3294947998306108,0.364993728148872,0.3650293543504619,0.5024322441391122,0.46024152720499223,0.4619324042626166,0.49539063968448216,0.5738751530498496,0.5297358367878765,0.5208008673585274,0.4379023649198893,0.4616708958059352,0.46554593478971346,0.42597038822135813,0.5842581134344278,0.572269265457951,0.5174706089811533,0.5200792321666663,0.5125871897649179,0.5603602818486616,0.5714605009798022,0.652344067809187,0.6201305825855219,0.49614716885498905,0.5096989995211337,0.5227107366331398,0.5344600126692138,0.5535404731566158,0.6116627934931943,0.5734390744881579,0.5784369510825806,0.5352041478501317,0.5577748012854002,0.578404421330381,0.5187043017486248,0.6468806760096257,0.5310658160684785,0.4837937163691183,0.4877921179700358,0.6397405647586982,0.5912181772843719,0.5853089467419084,0.5818808664743398,0.5852077248556675,0.5826269833723278,0.5415904434650611,0.5545602750503291,0.6108627096990453,0.5681154505329753,0.6068699824594528,0.5827757676230655,0.5841284929291062,0.5732770885947686,0.5641521380543544,0.5605988448316617,0.5641573962039017,0.5595209273566752,0.5706994652950379,0.5047796517356835,0.5734919090803541,0.5814079118661741,0.5807157011661807,0.5423599195638,0.5450784767339177,0.5823306612902588,0.608622479178498,0.6101428889614472,0.6222727542973825,0.6119581482003844,0.6406467418700421,0.6220413158565363,0.6289195749967359,0.5939781545865892,0.5788030208595749,0.6264080792680876,0.6207136209429869,0.6177742211373987,0.6068503598166455,0.6099854310531676,0.6035562310464136,0.5698920472448654,0.5797677362292979,0.5758254333942388,0.5730431146088277,0.5745336258880921,0.5750602641252108,0.5712317946819334,0.5744885808176254,0.5732834906115334,0.5698901264673029,0.6114696457595008,0.5702324496486872,0.5626330240018931,0.5643525222404295,0.565164203568203,0.5571842813668532,0.6437573303449167,0.6085689156504785
0,0,0.16929559109053474,0.10354423370354243,0.1228483865728589,0.11574194634710211,0.16447993216919987,0.0778958330812638,0.256727592491034,0.1905814017895604,0.34774856924594433,0.37469505792895413,0.3727570397471427,0.25398432448062624,0.387325923863955,0.1479649016212219,0.4119952757412027
0,0,0.11403668877234754,0.10210800761278974,0.10651297858090972,0.12216533000895317,0.09316585664689378,0.12155218124715914,0.11416544727231309,0.14683645788942054,0.11544581414581945,0.1575192939361466,0.07297945751376189,0.034492999629864136,0.03105539104638322,0.1776057203973707,0.10919015131433826
0,0,0.7840989815407582,0.675583340271345,0.7115853151874582,0.6549356588691722,0.6863399093203189,0.6681852935881125,0.625154463124613,0.6430096465002694,0.36649846041216483,0.3047881882894754,0.2670562491576275,-0.05990082167228672,0.04959014551968033
0,0,0.27842753584273305,0.3110962279726448,0.2984359918306484,0.27051602572095534,0.2601762134927035,0.2065888723761316,0.17455509718198375,0.1951453042418223,0.32356173517379583,0.38333602986987103,0.2104614376180751,0.3221281786215456,0.12831850013752175
0,0,0.9867659890524356,1.2952291050188294,1.1617805622093136,1.0908736837060247,0.9956576245112401,1.1194239769495318,1.5790609310584836,1.5312043888176659,1.4882189097534553,1.3678430169778382,1.3595935023719488,1.3936172021301165,1.4302528054413086,1.4274418259474653,1.6021929707220366,1.327597308040424,1.200103096702732,1.1498594953669756,1.2534552514365531,1.6102723790513902,1.696714786005444,1.6254273121377363,1.585439557556494,1.7447227696763778,1.4662093533796652,1.4616278173489008,1.229976770607139,1.1964229600612089,1.4674559221403674,1.09225400925166,1.320429639445853,1.3610789265631844,2.183549053508634,2.457490773543162,3.689859019450647,3.3579684680400113,3.922035794490613,5.5805592547435925
0,0,0.010137303148182661,0.03218430423900895,0.08103766420583725,0.1452154708601523,0.13179408888109273,0.12338793978023002,0.16603156489957727,0.1278052544758188,0.09775476432531402,0.11315640092884027,0.07509230659428422,-0.01853822463180279,-0.002799990003649784,0.02631771965685189,-0.0008178506504731148,0.02278958223832117,0.04664424836056126,0.002489226271402349,0.08753777646033982,0.02918888156656165,0.026814074013824102,0.00656258518952231,0.016810767964703904,-0.04143595866765417,-0.07008142821715704,-0.11660822993955122,-0.03764032213548845,-0.04777153500430986,-0.05191399719412966,-0.17775360430510273,-0.15881558516945304,-0.3981573011766898,-0.5276802485332246,-0.4944085458148253,-0.525337271955347,-0.5484930198059568,-0.2286923944520266,-0.3600603207110652
0,0,0.8727431252878873,0.9464672786294814,0.95257982996556,1.1179258136555408,1.1541519974876797,1.233933471697452,1.2971661441687388,1.2516663027049897,1.315055280106092,1.1868773875417309,1.1284390972876641,1.1041319648946968,1.0547783132556028,1.06782755213983,1.1865252591467392,1.1873445012266015,1.0212391452840097,1.0241319486928235,1.0207314649775658,1.0597751232539416,1.0105519613533318,1.240262504457539,1.3295941298801128,1.4598965055840787,1.7689765644041604,1.6234448947925575,1.9965957231416283,2.1081031089930944,2.174269815881593,2.2257128036352487,2.5386705151978495,2.515872590509346,2.438309291874581,2.3718251884746833,2.0681757671489276,1.9139359988138647,1.8843451121282622,1.6567332877774792,1.5504320108774583,2.4557162730833593,2.7385019880990775,3.379171601600423,4.362033972591254,4.456090488302941
0,0,0.0750624747367279,0.07093800234645842,0.13193468973113182,0.10625418342346238,0.10219588941169519,0.06852599192226448,0.1920192515767145,0.15956360053333654,0.33722986769235586,0.22163681650039369,0.23023022894348316,0.17620740244419883,0.16342637143176222,0.10387782945594587,0.030874065313193526,-0.04898990626702279,-0.004297489895596043,0.017464640743185832,0.019480184155792703,-0.042986633786874395,-0.039900325773352965,0.0016391501727274988,0.004533279761905734,0.08940389808615437,0.04783469763025119,0.11549443581961691,0.19672260650541135,0.3032705605765207,0.316694676703826,0.277180872697666,0.3251575996099386,0.32039921303056373,0.19855852867330265,0.16406652133778735,0.154355138046534,0.19126063225367418,0.18489675207889883,-0.03925829180190412,-0.01788995021524209,-0.19137922831418352,-0.2798192758130732,-0.23080038346937332,0.007130136557486455,-0.768381252548487,-1.2325047610172142,-0.10433177055828524
0,0,1.4717916480234259,1.5327875793028358,1.5019941431713124,1.7511688135505499,1.68834726333382,1.601114832956569,1.6251619966267374,1.4816472787352037,1.5347832557802386,1.4324424632363422,1.5018329909739934,1.3330854590808734,1.4702844302711497,1.3852670529370799,1.475554002108162,1.4149325311118321,1.7777422139973553,1.8793225037460433,1.9694272396762815,2.1403108390488956,2.014139368664438,2.2647457223292107,2.27809943084576,2.4836525837062204,2.71796653978194,2.5409345606936666,2.7857107370567302,3.1663902420323558,2.8520880529055335,2.504245945048611,2.2703154005112953,2.0401065708168646,1.5950897901953436,1.6137927342256928,1.8709002274477475,2.0940354103004792
0,0,0.24601140729327028,0.2521188199836391,0.32275195507603416,0.2431219356321238,0.24981931000751484,0.24411464411391423,0.19816852805082907,0.28537972186257277,0.2015591962322625,0.08979493333034316,0.039085549074115766,-0.031756183807849,-0.02143361672982768,-0.033832166978769646,0.07704626335847008,0.1578475234128356,0.13013270318874287,0.20555299568712973,0.3030833555817716,0.33467807118640563,0.38482037833913485,0.33924424002368747,0.3652852608237353,0.3683100093944806,0.3926442144873231,0.3053026236184246,0.3416038297293904,0.329654936648363,0.26000340860813465,0.2879701892797685,0.35343417536057214,0.2629718889018517,-0.02189276759460848
0,0,0.5541169054343756,0.5955393345794507,0.6577186923035652,0.7506061511132726,0.7789169198828678,0.8215452376628386,0.9127510268246319,0.7787779506799086,0.7998835404035429,0.8071511684492593,1.0257828071960475,1.010244903423808,1.0505573851781973,1.1338948085340426,1.3328009826806482,1.7700478950789642,1.7263993272563578,1.6661727369403887
0,0,0.06725929381789035,0.11094964766634241,0.10347112157988075,0.15382719900415268,0.22220933345764904,0.23323478949734533,0.1998471161486269,0.14661335512979437,0.14470242121536286,0.11295637138764057,0.0071154337348397,0.020236420794009686,-0.06741126196349846,-0.07548226744852037,-0.08698762550714603,-0.09633138027335128,-0.030604572038560984,-0.04426447877642761
0,0,0.796950772366743,0.8762942079612455,0.7721864844721347,0.6383496115094992,0.6568263271387673,0.6444645317624373,0.6475302258417082,0.7498300368590803,0.7673206104267524,1.06457976226508,1.2006482430493406,1.2987935383876152,1.2060872893614305,1.3395970623071851,1.4857309557372709,1.4481986706855965,1.8881729310338145,2.0462470731537308,1.872125083712247,2.2235264701832604
0,0,0.07674172905527975,0.09480647371222527,0.12296710874507154,0.12154886966847839,0.07402316989792528,0.029385884204707523,0.03811103453556462,0.028144199559827564,0.06316460481321554,0.06443950528566707,0.07121160080146255,0.005565066675481307,-0.13507485017569276,-0.07051211231844338,-0.10606894931733446,-0.0884565506064566,-0.08387344209187972,0.009156900768993552,-0.1343629655784926,-0.04750089772863535
0,0,0.7416110889040721,0.8067362498721987,0.8152677791850269,0.7605480419157153,0.7398038820279876,0.7375001367222482,0.8213068576681137,0.7776815895743483,0.9710784513510349,1.088369504726388,0.9782190648584139,1.031576163789349,1.1773183851139406,1.2005789664063788,1.5782300957505964,1.6476576821907267,1.796983303125063,1.9636230495365408
0,0,-0.012446981845055598,0.006533977822112638,-0.014157057330006412,0.02954138407050305,0.028434742821082767,0.01811957492753813,-0.01799549772283157,0.011894371527374534,-0.030180648602605033,-0.029143395337028845,0.042588910375122455,-0.08186908348905299,-0.15975186493472993,-0.16300289385123024,-0.14947716416943554,-0.04286403061409268,0.03178385683767553
0,0,0.8964165342962414,0.7453413212123625,0.7448859115585871,0.8447902063047654,0.5946477427795716,0.6564664346985786,0.6290388367675269,0.48505176021346313,0.3301888507258741,0.14302833793173247,-0.07655876520375543,0.09911922483626553,-0.24675390625040056,0.024995522265620296,0.21722269880614445,0.3937061464310082,0.830347749610396,1.1790688597763457,1.2199346978776637,1.3023688530548685,1.1541199161896523,1.1690324172174573,1.1866924073049123,1.0263998232016052,1.4320787323318387,1.2973432231942985,1.2346363766697372,1.2610795164018433,1.3206060584917403,1.3941252486919504,1.354164962916954,1.291044647482306,1.2395112943877373,1.122032641680791,0.8925133700659609,1.0429762959764468,1.0084873118866344,0.9864832767906101,1.1011587638023423,0.9407635216434034,0.9633486590294288,0.9720601395918859,0.9688544971688343,0.9810719410594206,1.048123661708649,0.8727068188311814,0.949991716221666,0.9230068596868195,0.902410180399636,0.9111761536075779,0.8804066371077531,0.9686387457035569,0.9812317453898001,0.9163865397250714,0.843368616518537,0.7962451729010512,0.8887852584719917,1.0799623910522267,1.0234801630602677,1.0001659688935063,1.0361549851401286,1.0577344832626039,1.0817944911923771,1.2428582748036459,1.1606908172363501,1.2988862982304579,1.2243914968649483,1.206326381452539,1.3775278595853209,1.1487535552376542,1.2755950723383247,1.2927682543523207,1.2092691245235694,0.9708766574754012,1.1929650265995115,0.9592186236321274,0.9551358434654814,0.9645397634795841,0.9715679699196672,0.9392713666217267,0.9036296956700797,0.9384010469128264,0.9886319985113439,0.9247290234734302,0.8368574685468079,0.7750793907373065,0.8190625413162262,0.7238257963870965,1.0502685082494674,1.020541840055854,0.9548681333146714,0.7528266555744092,0.7585631565526867,0.7947707030842807,0.8220618123408241,0.7375847434507138,0.7365182746255906,0.8157447932514608,0.7148331495529833,0.7138049532250457,0.7557304155054705,0.810630151370785,0.8542660787542289,0.7162246761093851,0.8523653926269842,0.813212469156651,0.8006484715004341,0.7316345441884244,0.7355992583280877,0.7559959400374933,0.8280425640430313,0.8691406187659123,0.8935500015080308,0.8761254674496792,0.8473228304885673,0.8514043564096718,0.8469803643571135,0.8431135939677987,0.6581147051145819,0.8285001181772043,0.8591362724717553,0.8434365847220785,0.8252212970930604
0,0,0.08620683188059307,-0.01219223415296513,0.09158530174291285,0.049563367835519616,-0.08001426488750363,-0.0849010851606391,0.010209527452080022,0.023814596466816808,0.11188709911335283,0.0455085580854152,0.10694763252802611,0.11225793288944122,0.02926570720336817
0,0,1.515406661177672,1.492727084713404,1.537808069216143,1.6095457273693246,1.5848080742911486,1.6154796367740818,1.2936513066225497,1.2137746871633603,1.1922192954548092,0.8394239450593478,0.710990662319441,0.21732951508754098,0.05832694316005388,0.40037564613931687,0.45153136894951446,0.42190938855451465,0.8507343914056976,1.0484111467882333,1.0383859856176405,1.0233845501825718,1.1430694888848687,1.029275491513866,1.0456231559772873,1.2185635595549813,1.4946952782206107,1.5543997727110017,1.5004674648594931,1.4896022891901308,1.4181692458685087,1.360250797522458,1.5114576049448256,1.5312121837103512,1.466015829009959,1.4378099932707182,1.5848225957621092,1.5234697667193258,1.503122237770092,1.4352155855426223,1.4803764488615299,1.4949905907899401,1.515905052305046,1.5270911676769794,1.5966507879206837,1.6177437843729339,1.3926686063164029,1.4670801748768476,1.4237699870508023,1.4272286986638845,1.412409303001655,1.3871275928289117,1.2655033685346866,1.4829231663736648,1.251475940144839,1.3409728509561092,1.3305020678491553,1.3755530572831647,1.4348393297208613,1.4198233472244044,1.4068832416765034,1.4989625384271168,1.479411071959651,1.3311132999543474,1.3429886370336837,1.4539530640293599,1.358318068476864,1.412252071466511,1.2834213728104078,1.3577028850597697,1.0724996034698178,1.0021364329402191,0.9880096533774343,1.0469398772448344,1.173712491758189,1.0184903583211993,1.0406908823421381,1.1692767330571625,1.1949866152358206,1.2055587017766793,1.2241561078042515,1.170783913104684,1.1702214585718422,1.164385447623758,1.146822447238574,1.1841110986974455,1.0866594419162956,1.1262830086613946,1.0462299898755691,1.0087944959979582,1.0434236785253517,1.0919094550279307,0.992178862129476,1.0483191679092818,1.0507037997447235,1.0596009055294877,1.0670162386737474,1.0464537835794439,1.079769570540924,1.0454565725500946,1.0194099798605876,0.980212171417242,1.0075020460430746,0.9797489043069533,1.0523525535170855,1.006475204967365,0.9996508268804667,1.0579350155147138,1.0971250781584545,1.0061693929143092,1.0490630753370047,1.13642528301315,0.9797296863881237,1.0206891526201687,1.0378024115744748,0.956349225943411,1.0326482929552236,0.9469172957863216,1.0635306970171308,1.0810869128339098,1.0690632158036752,1.0442674562505823,0.9853555176779496,1.0177598149007574,0.9495836466397668,0.9551133820472667,0.9981903341313653,1.0188848657991583,1.0686148162817923,1.13009483987105
0,0,0.10153462639375356,0.07822626260563978,0.12405617418714725,0.11935782415326021,0.12237797629661046,0.0991413594134016,0.021724071787258662,0.039428113366100304,0.09786229409606345,0.18162237642775264,0.04978223583432249,0.05683047384712096,0.0522311652218351,0.07802498876819673,0.022565669556602663,0.007278780533802171,0.04817490433984106,-0.014822831860687976,-0.020934211275962393,0.0261548862351006,0.07723481769798238,0.04673762922652601,-0.029655500289033066,-0.015370651970213499,-0.09890489924662738,-0.05392204560039398,-0.040953828589134274,0.15024438002848248,0.07703069490496207,-0.011838763315594126,-0.04599257016842052,-0.024392703826176202,0.04308901863514725,0.05747583364458021,0.06024562772329303,0.01164118673958632,-0.01743514070673575,-0.0031515308579224827,-0.0014640790610081778,-0.05381737178349433,-0.03835630500601208,-0.043212364840997955,-0.05787538044774085,-0.023618550536395597,-0.03201513862171549,-0.01353956849294517,-0.004872546599730139,0.06796074301350645,0.033038258135968,0.037354999386074644,0.08094693366472275,0.08194275351033395,-0.000722926608993188,0.0037394486615338132,-0.00836133156564478,-0.010950981944559443,-0.01774659183475854,-0.01587353976790129,0.039951229099359546,0.01505415810911745,0.03671250928519952,0.07074013094090278,0.08442901355547217,0.09432087207122894,0.09944878599874435,0.35477970815901483,0.37940080900315143,0.40425617220060345,0.40531836301923724,0.4730785546922963,0.44891292915652226,0.3872185186955285,0.42835906354828446,0.41407279516109247,0.4125804979397589,0.3800643327688347,0.3889163423827846,0.4404578324136079,0.45637296928014925,0.4856275980030011,0.44091963728084904,0.3693813919536054,0.30711071405476453,0.26870260049670075,0.15698474450743552,0.0951655447664123,0.07640438488382906,0.08671721414234786,0.10833875610131039,0.09221728404550669,0.08479105348019236,0.0821712685434826,0.08193878554103622,0.04778584391381001,0.0371220786091853,0.09500882438560665,0.06756805688023193,0.09763753504066704,0.06931448518216766,0.08601352827722396,0.06489552356315348,0.06050060584933447,0.06227434962337043,0.0712493697315598,0.07137796029675104,0.06595829041772626,0.08195440789620664,0.09695908052672475,0.12249662947984712,0.10411895955185632,0.11123677458596942,0.07649161174398164,0.07582564102789659,0.05838199088191999,0.05914500817741539,0.06686496438921387,0.0693823010446753,0.09350003655151035,0.11311067255454119,0.10886572242705135,0.12744775965449986,0.0938608926016369,0.08919347440920786,0.0811279035527305,0.03806924266627454,0.039091860025594824,0.019347421801136012,0.027707921249124065
0,0,1.0626831603179538,1.1032586819796246,1.0346176689048143,1.0278559335304251,1.036869942778904,1.11013622826292,0.9190170360116738,1.0853195453014663,0.9238135084064918,1.0508251842896195,1.1002635666488072,0.5630327100172052,0.8127688724231699
0,0,-0.002544833993252036,0.0015901545911732734,0.03582786836229544,0.04195221824687289,0.032364024627483605,-0.003087628635437885,-0.013744008906649292,0.0037544882364380777,0.004105266957885059,0.07328422487346502,0.15705506883845885,0.12750804359380427,0.14324493662334375
0,0,0.5572563467906254,0.4985905363385968,0.645485332767191,0.6940521669242571,0.7838060497296792,0.7750754242371599,0.8108823593927996,0.6806792472099743,0.6962777763158765,0.9341392282643329,1.0575679141175944,1.1978843083375383,1.123656471197818,1.0068909924601206,1.0830474247008266,1.1262238561423035,1.4076066171945838,1.2594252022538037,1.241109640168625,1.5657514573468052,1.1175512113783734,1.6402138641138089,1.49833351229744
0,0,-0.07642347715087552,0.01867465394706881,0.0037568913422068983,0.03686714899935554,0.0038487600335686024,0.04705122930487701,0.07890362941150698,0.07334572127924975,0.0668649449893821,0.0920811279333731,0.07134570980821572,0.120421946192678,0.07442709555202397,0.12634541314770706,0.15314774447744395,-0.03760123086284081,-0.04241239511215805,-0.005966270754776994,-0.01942687397520062,0.019130206509916522,-0.03909410680926114,-0.12015035379063133,-0.0832181950144241,-0.17601618562832505,-0.14747194968479682,-0.14735421380414965
0,0,0.44241666323564655,0.5846501092550028,0.6598492747092694,0.5161505218419491,0.6233583472234859,0.35680585694213696,0.36220216059371607,0.5268347454963361,0.8048420771295774,0.7076490378914949,0.5563846080241208,0.5057918841857569,0.7375732011742392,0.9835341262380947,0.9595231338540569,0.9888556448700709,1.4647139345534124,1.3987923554365882,1.2520991972000037,1.15473487432793,1.377981120210031,1.59939667048099,1.487063599225102,1.5445750841917159,2.2420884370980874
0,0,0.13220182236857733,0.004714648316139932,0.012297933875259709,0.06650016252404402,0.06478624343761383,0.07552600355680957,0.09364450542778636,0.10836997477232244,0.09778699133767518,0.11435057875620144,0.04087322679135518,0.16020230350586906,0.1607908137454872,0.19555213082021136,0.1375921699951069,0.1564057631070942,0.047821714024161494,0.08145297632493304,0.03561599724542258,-0.05512329737333724,-0.05081167449224268,-0.04807675634282193,-0.04480184941467453,0.05307644033894792,-0.15540131535087276,0.16015527098085874
0,0,1.5311758794044525,1.2960965459434468,1.2719494684134283,1.0868750964567644,1.0576908898176511,1.0134705446514325,0.9161466422481133,0.8573298686499415,0.5615880452278145,0.6106184067839949,0.603444796030022,0.7301380820564942,0.710079232725035,0.7342846847998328,1.0757774693169082,1.0120418069052606,1.2617454558113492,1.2004829188658426,1.1746695957044642,1.0588519222320916,1.240009022135928,0.8932514885536196,0.8543860360970341,1.0165773663609101,1.125945505244295,1.2570566425166911
0,0,-0.34956250025971386,-0.3579955726385133,-0.3356418115761811,-0.35225976374826684,-0.30462839178259654,-0.24277757412023412,-0.2146104039315988,0.026797433623804122,0.007662332958955947,-0.009580305255621771,0.07007011175253584,0.1037138241913581,0.13817162847983325,0.1702071409263693,0.1643587539116661,0.15554361035253544,-0.06048144818429281,0.1024802343829102,-0.019364111187751148,0.05361458446158242,0.06396823219189529,-0.0652255793570258,-0.04964211311634367,0.003914755598162817,-0.17474492489299526,-0.19051675129266618,-0.12097729147774833,-0.13814798928744418,-0.03221794213256099,-0.030619445218999463,0.3029146649202281
0,0,0.7515146850029546,0.8174214060521497,0.8491760996621626,0.8781287533216919,0.8319175892129792,0.8271543960290957,1.0092194400178982,0.8792408090163956,0.937922983998619,1.259474733879479,1.365671428954602,1.4302099419542817,1.5497977456113328,1.7768922418592124,2.0747812117425948
0,0,0.1381812394625317,0.1359858310916521,0.14476132203305672,0.13797853859284515,0.15720439375011447,0.1693672130564689,0.24301888763522433,0.27202586467894896,0.31938733920523155,0.40171124865312946,0.314378479466743,0.3909942235860052,0.4367488151185279
0,0,1.0713449883480008,0.9995234092948313,1.0198516015752705,0.9800041720851782,0.9443175484822961,0.905569594033901,1.061843465671447,0.798510471037115,0.9649099168497481,1.0623660837568858,0.9240886337995861,1.0746705344338,1.3788161209622158,1.3802626750750726,1.61618142610634
0,0,0.16436012984753479,0.15869693580989438,0.1513466862542068,0.14947720675913503,0.11200781328041813,0.12685859292558416,0.13541921409112093,0.12855108410363894,0.1801220183010536,0.17569819828644015,0.22300525404498925,0.3665570135905013,0.322126953878605,0.3434800541570519,0.1538091327528121,0.3483860158384807,0.313619447876207,0.21122448485230447,0.2626710740061503,0.5729917506606559,0.8154534520621983,0.7138134489275967,0.7149061418746836,0.7923374072544753,0.7977251988911735,0.7542876746288206,0.7997773246055535,0.8891445857783931,0.6691515333744369,1.1483681927546294,0.7327727302544,0.84685737628165,1.0747920020027637,1.128187193832828,1.1671531377162672,0.870047849003341,0.8525117686043819,0.9828740840513879,0.8623548505058714,0.7698246255818109,1.0140295014844702,0.863535301222901,0.9570276568096722,1.1159507348454192,1.0467905590730953,1.081399235182628,1.119014523577419,1.0907981917911598,1.1353052417985632,1.0959078567302467,1.1106556499977034,1.1279631377887016,1.1155649966823167,1.0928273009311709,1.1393084838410439,1.0850543409600115,1.0660748390678945,1.0823295085190339,1.068747353910219,1.0645981975603052,1.1014467601615985,1.0346851330111808,0.9990335839352302,1.0015448970078997,0.9952038871111244,1.0308877873935858,1.0162103026301061,0.9959270933738481,0.9182205524797304,0.9312820696853961,0.9256049646073046,0.9179983370945839,0.9345989659853531,0.9570900086325389,0.9693095560154517,1.1557598912529938,0.93467944785278,1.0158644620725419,1.08708708435901,1.0078190800417308,1.0323738168402896,1.117945516163408,1.1513323000218738,1.1173129953694985,1.0988831975244526,1.0689763756929072,1.0796444463233685,1.0543162153619066,1.076998941618214,1.0831166076384198,1.0752446528020547,1.1148016591403573,1.1151340935224354,1.1006152423911426,1.1041065495922753,1.1114722612919181,1.1019893252507398,1.100162768885576,1.1062913564410335,1.121794364883546,1.1099464441772198,1.1128768333668417,1.0379998365407965,1.0576491760974358,1.1051402532663304,1.0918758480951525,1.0949887394815467,1.0913587779298999,1.0721597642577074,1.0639640983396803,1.0568695266438823,1.1085446422490999,1.0195249566389686,1.0868382447707785,1.1108801890892122,1.0676561068978683,1.0915528498863394,1.0719279680229172,1.0625285666153155,1.1129249765948162,1.0456587185285269,1.0525390409490378,1.1106110299151422,1.1070985008136511,1.101945921367125,1.0903045804836036,1.0771644775022495,1.0775334363051163,1.0789086443217681,1.1174792001414562,1.065248573004854,1.0699086313850414,1.080454290797464,1.1058741873757707,1.0643500447753014,1.048927203341482,1.062808880963418,1.0907754375347591,1.081021259916321,1.1000863451965714
0,0,0.868672581554558,0.9201192987962892,0.931427443716248,0.9498756940272346,1.022674033870621,1.0067132151353961,0.9295655191976618,1.063933162280406,1.0217767222018361,1.0579464428952448,1.2751503993907143,1.1841443700094432,1.4955934584093935,1.737379872975104,1.6185991178742252
0,0,0.14201814949071212,0.16133184871873402,0.15407642218668804,0.15892402921352594,0.1861160490656183,0.18122166334243126,0.11629557571144014,0.10524119196506966,0.21753316659970862,0.3153659919067058,0.2684677501455585,0.37181841177417263,0.39986191202138266,0.3803527177418128,0.3393264268878828,0.2651033917375388,0.3102984545717955,0.5202471133668496,0.5915170634903589,0.6970123438839286,1.0577994851236812,0.9963501261383104,1.1642126099736205,1.070494084722287,0.9307446826128949,2.29235982192033,-0.23689453003195382,1.387225049062508,1.1972197280583354,1.5777369456720007,1.2327077387595091,1.1653588406710365,1.264389354988242,1.2472806266409386,1.1969105946625571,1.231919803974835,1.3295100668678692,1.203169240751403,1.2389186167414659,1.1854444414416425,1.128353011115932,1.132225029803719,1.0416787270772823,1.028386408797528,1.103877410581944,0.9620821021026609,0.8751930410356263,0.8023910766868342,0.6456207989805329,0.702868596889228,0.6885345861790633,0.661030857547542,0.908690398851421,0.9003304696106693,1.0259338498726591,0.836823096462507,0.8972494383738686,0.8108627542019614,0.873786073720044,0.9354159160270454,0.7773013252162919,1.132541744744765,0.6498507451861963,0.7475072208467604,1.2494775214133853,0.7011311064275072,0.6116516464898096,0.5813890366773466,1.1480998497074262,0.9709323335769036,0.6984276786795378,0.6680874731956127,0.6697138613496743,1.087476843791835,1.0015728799090156,0.757686892636082,0.568647556775416,0.5689067274882174,0.6806586788589043,0.6240319391487585,0.4576773286613416,0.5843808548076563,0.7333285168061381,0.6519636697033483,0.8059345408358398,0.7908612988831856,0.7699450918229696,0.913826918013465,1.3040910645634958,1.420591605062091,-0.0966993353411451,-0.05601089647570667,0.789622557559633,0.5865938346598011,0.5416528943503404,0.49531545259834237,0.48659952278890317,0.5872521167603848,0.6744313978545593,0.4381982493848804,0.45640306853792545,0.44216172339300736,0.5972032787514494,0.9963640736320921,0.6530009102371299,0.8054789493064062,1.0951116833589183,0.6822203752940956,0.8376635442529219,0.6883236394928,0.4376621135722126,0.5933742561033607,0.7195040931910939,0.7012520806860643,0.4549344101333075,0.48295194301416094,0.4358268590327736,0.6826586957362173,0.3839669624547911,0.8334911144643,0.538347708118863,0.6394997488340471,0.5456021085188174,0.7618624666224885,0.7184037155564508,0.8193503133107679,0.5314143305932113,0.5148693033059168,0.7291982951961258,0.4546810430041007,0.4740059655718976,0.690252343041824,0.7187432893800173,0.7027953335260914,0.7110600166202552,0.7189830034797671,0.5837979210522319,0.7719759404934933,0.8177025852959159,0.6029796536172691,0.8483793199460042,0.5901978861704739,0.7548551281794968
0,0,0.8905735793605689,0.8942648331000695,0.9714987989143875,0.9562388285305361,0.8671100490066906,0.84807794610165,0.7492844949935662,0.9080383399764607,0.9471081815460858,0.8125429163758568,0.8675310538015788,0.9708934350512208,0.8981996817298908,0.8239310672608157,0.8845635432180368,1.0975507326519078,1.3475733274622863,1.230978455356186,1.357766555002394,1.3926872653991662,1.3897743473537365,0.9568746852945197,0.8311737331417577,0.8724053134273804,0.6641911796449339,0.7390162758686825
0,0,0.02693598200484884,-0.027557113651488954,-0.12564627835875403,-0.13183635334879523,-0.13139098661718407,-0.13132679992155147,-0.10458725969383667,-0.10032255617642451,-0.017145116120143945,0.021840162605690844,0.01739489985241814,0.05120181682924251,0.0765976674964735,0.08920898415406067,0.10503003350933508,0.09019207066111493,0.2856585187568751,0.26716391291337516,0.33932747902646976,0.4599948779773687,0.4532675845611086,0.45561166562831573,0.4556282795438367,0.456484051504338,0.4539246196189012
0,0,0.6554737107966351,0.655932209097295,0.7914676931360368,0.7524121675252056,0.7688454672133522,0.7712931627339411,0.9163524232522526,1.1235812243482344,1.2706889488392812,0.9166366860787314,1.245370353145463,1.5472162622480539,1.561455315069043,1.729284440247423,1.9715854743455603,2.025314203153376,2.2536347085239363,2.383965024775331,2.3623788248353623,2.005153405638707,1.9399010817384612,1.960729062422561,1.85597500051819,1.773133749676743,1.2299729153702696,1.1215877133366976
0,0,-0.2546748318072334,-0.267604408138887,-0.3037910123735258,-0.307624022339106,-0.313136630312321,-0.312681722977328,-0.2774012960716734,-0.034779832181952686,0.05486245401760467,0.2515352540017676,0.43886969789226316,0.4717138533729272,0.5251333060952174,0.5783782086795679,0.4446423967344676,0.354157124832982,0.2853512661516055,0.24123426127532482,0.25031690593334954,0.2122524466641017,0.22663907424266347,0.2557666214659809,0.19996198532176435,0.10787650691946943,0.009096038800783884,0.04361174440507942,0.12774776350823863,-0.12031103439669312,-0.12155276343531846,-0.08525456472082249,-0.12055742015109623,0.1642451037601409,-0.035704426525506344
0,0,0.8046334665340498,0.7955977116027699,0.8085956153664352,0.762891992720956,0.8359960156055429,0.7769583674765722,1.0059533840130719,0.7953718501377003,0.8282612263999589,1.0739027867435427,0.9610835223838103,1.0441093551870486,1.073633062606196,1.4849479082722494,1.2744651050577744,1.2008874600802513,1.331134572724962,1.0689357495278982,1.1481149981159502,0.8436636342687549
0,0,-0.04550563026385719,-0.04366266863419976,-0.04140016254963987,-0.04295287219514092,-0.045879912032941186,0.02246298972729827,0.017022491328674765,-0.004773288393973826,-0.022038474377961057,0.11305635337206961,0.10613825191194337,0.14816760948655955,0.18710618251546873,0.17670694399304965,0.2155472209726051,0.08553829507808156,0.0738354155013336,-0.13580387888579717,-0.06449516120930991,-0.18590648684795202
0,0,0.9078612084055628,0.9743769597663929,0.8395224578414772,0.7527726119674986,0.7929840765339061,0.8486467717521697,1.020600810314689,0.954841616349081,0.8189810560568258,0.7508046097333538,0.7426091835581522,0.8223045480935308,1.0188282462195914,1.1299214645163889,0.9905212084507775,1.0257846375346444,1.4768175917798865,1.3652320602506829
0,0,0.26225421062865684,0.16935921987169356,0.07168418909382995,0.06620936433734226,0.0960499429463129,0.08863656109426957,0.08470557878728466,0.07810599535557326,0.14944266261058178,0.11044071267048004,0.034142672445600375,0.06259479339966997,0.06838463385788492,0.2706893677447235,0.2601177398703816,0.259789212917774,0.21433443700746999,0.2743529994886399
0,0,0.7495995418207746,0.7188090533328333,0.7801667211812742,0.5953353470960392,0.48582545856892434,1.1641654834667694,1.47328310782967,1.3843622830400628,1.8047419163967433,1.5806081866140742,1.636725157202171,1.8902534544018148,1.9406328955835956
0,0,0.12386350653360953,0.10118066646747682,0.1984716599537802,0.21607891462090234,0.2017510606917045,0.146058288919051,0.137050439009334,0.02010451039385623,-0.019580587151119204,0.1750597269279297,0.08985539269559992,0.15832097889695593,0.10999624691798218
0,0,0.16423088310534348,0.24582744811623142,0.1924289693544797,0.3145469614291504,0.2820054214023428,0.4753994830510845,0.4800013424339864,0.522428610571386,1.0871429134422406,1.0279263770804892,1.1416985754872506,1.1857472557033353,1.4884394294694645,1.4924520397967251,1.5553729600308788
0,0,0.04511010903166072,0.058679922923128694,0.01657388953522818,0.03331686641559283,0.0335269275561475,0.05432720267648594,-0.015169446522069769,-0.024651533202416274,-0.07176974808785305,-0.03558792182871921,-0.004960853522603467,0.14853310201889636,0.15150749527095242,0.1423343208401478,0.16906437377832872
0,0,1.640757143849302,1.498499765957491,1.8875153312891264,1.8227173664922898,1.8616231913712564
0,0,0.025435920892977096,0.04130459086036718,0.17593261490516296,0.13519188957113115,0.09738306945628483,0.017606973374989815
0,0,1.399468382380185,1.6376630805028154,1.9530321543486453,1.6502861853183064,1.775496818208218
0,0,0.12706797165093903,0.16917150790105426,0.09526169082926558,0.08082431773740123,0.11339580522641565
0,0,1.0254697794209031,1.0555377754201176,1.04983617261172,1.022156719603761,0.8286388259239426,0.7497391789385748,0.7833350226528113,0.9079940728344866,1.0049743156730786,0.8869203389278641,0.9609334535304832,1.3683779545740165,1.4264261064188504,1.6217922056745582,1.7927209961958293,1.842830856853523,2.2906597312750376,2.711672421665077
0,0,-0.007721832432484769,-0.04658407643371712,-0.028926698754532715,-0.03705584719496645,-0.003668121606995055,0.030715151919581723,0.03590860090444152,0.04228802303942303,0.05319013137528191,0.08069643408865884,0.04969335110421219,0.14958840593083642,0.16106104161911625,0.16510921495746228,0.14356370393114762,0.17936883833876155,0.27466770039472627,0.22830393713170768
0,0,0.6304283759210603,0.706155916841116,0.5952007273901437,0.6327182211048457,0.8168683545047755,0.6949529537651278,0.9275479825622115,1.021290480174068,1.2901256132061862,1.0997991390038826,1.1660678888448275,1.7290677750781005,2.2444158065957986,2.6720950195913726
0,0,-0.07618650004395486,-0.09020109588641971,-0.05074832129396981,-0.033672173662517624,-0.0041404183030766,-0.03614691675002857,-0.10846649807557293,-0.11394107354784991,0.015702472402989137,-0.06510390364237162,-0.10396723157352043,-0.08776261494865985,-0.18482669849116878
0,0,0.8607079765885309,1.0138701754516615,0.9562968886844143,1.1321705983553265,1.102514934304747,0.993841786003535,1.4918672535640725,1.6591929677087889,2.044861601164423
0,0,-0.2732057661493038,-0.28667973267338076,-0.2834006303506014,-0.2631278942395632,-0.2451660801180227,-0.2602450970720455,-0.12193620327992444,-0.16746505624323835,-0.16087396854323605,-0.2044178878228568
0,0,0.6203339760980621,0.5057455198337145,0.3894276874386415,0.46010796580227387,0.7356392957621264,0.7736787600097992,1.0329710503226286,0.9733739632558689,1.2549899759402894,1.791392356767237,2.3110004102874124,2.850703114754046,2.7079647433202796
0,0,-0.20242817490754872,-0.17750149654301767,-0.20604956856216616,-0.20046543493520352,-0.2724770426058067,-0.2948502779577653,-0.20669233560673927,-0.19297008595398535,-0.16149325008759322,-0.1596816785308787,-0.12855195936392474,-0.10249735231711837,-0.22035234460868217
0,0,-0.010977511462609238,-0.04958845169959513,-0.005504643158611544,0.07781315340394473,0.13416333848692988,0.41831875542120034,0.6535338498661567,0.6292184886917389,0.8201826063801798,0.8942102524058162,1.372709811224849,1.287075330945728,1.4053441837384328,1.4928977676493866,1.4355256420038158,1.3331961551642157
0,0,-0.3271684114119368,-0.3535352250351663,-0.27015206293882416,-0.2523764588309664,-0.25249754846820227,-0.15284823340673664,0.0069893369570711295,-0.017937370867464268,-0.05406694903613832,0.1017400844701947,0.07705606514761987,0.20814688325189207,0.16224878154963374,0.23708605443278508,0.1543621407570342,0.0946460128463133
0,0,0.5016022480711293,0.5299185815394545,0.5779280260955258,0.5155507431407619,0.6628188327041526,0.6445793516266279,0.7762332276963009,0.8352100374467178,0.8613997307260497,1.0025791925506062,0.8392714738999834,0.8509844345557847,0.9446595084169764,1.0142903686723694,0.8789912152301733,0.9083412443767696
0,0,0.034363007072122156,0.030791640738081896,0.018124308409499565,0.025050042879910257,0.0076140133620633405,0.008619827447312019,-0.006357395830970634,-0.01073185797007314,-0.016863604737122975,0.01595494111043169,0.013690502633731555,-0.0006957691883039303,0.029671021263573086,-0.0028150995567157583,0.08984902430852237
0,0,-0.07908392028407933,-0.010022878979546374,-0.01666849740988291,0.021040783474665398,0.19189525053019868,0.21274477058956628,0.38329356682003707,0.3363958720723236,0.48441118763612145,0.5994863398381547,0.659226085184085,0.8090835992475596,0.7307004806057973,0.7134208902454978,0.4686057906909477,0.4718957952675308,0.3722444345468299,0.25336975441348547
0,0,-0.3782048053872128,-0.35386232495399883,-0.2389837620609213,-0.2486247581516447,-0.1954604658106877,-0.10337808982440538,-0.10010380275632752,-0.10221476187598694,-0.07793221490005793,-0.03731547368927281,-0.03869596295338199,-0.04051887515191285,-0.048951677512072994,-0.06655090184705775,-0.12180344930373063,-0.0985255036495875,-0.1353480817802175,-0.038560446247547515,-0.19874474775967974,-0.07785176911444754,-0.10225747012938964,0.04849146754299709,0.19083080380760442
