0,5.6291751994452995e-05,7.192753729722368e-05,3.388855559701011e-06,2.423900591366762e-06,8.670918114498964e-06,1.6283335276788278e-06,4.213889417211173e-06,3.96439490095036e-06,1.8994240343409117e-05,4.057211823048297e-05,1.4415749395497141e-05,8.403871016865105e-06,1.1025395617561466e-06,2.1265521781138705e-06,2.1117000071977097e-05,2.5014957666923035e-06,3.5227289738470615e-05,1.4789912856988447e-06,5.505011875762662e-06,2.5550390626815966e-05,9.49265587078465e-06,1.6402948839031116e-06,5.975167540176144e-06,5.36451683592541e-07,5.270870480874197e-07,7.507833200350712e-07,6.71860386589604e-07,2.991193648474523e-06,4.622671793028952e-06,4.065772326458902e-06,1.857717850430735e-06,6.222319996821726e-07,2.878992255215553e-05,1.2787314015845108e-06,3.250470605828684e-05,1.3520233349630151e-06,1.4747554861492032e-05,5.1281669483546575e-05,8.162999676899775e-06,3.6860573329130884e-05,4.296495989114832e-06,3.8139676820006943e-06,0.0003242800269885064,6.203012351527247e-05,8.410440209393813e-06,0.00027094328444938977,1.3485274455877937e-05,0.000330189293546558,7.396357195537087e-05,0.00010213834029542398,0.00016637612890480524,7.21238699471195e-05,0.00015791541593669417,0.00041178731314153364,2.2396433610340234e-06
0,1.0511614497695067e-05,4.7388369961007234e-06,3.963572442188619e-07,3.264821142176396e-07,7.239500627376883e-07,3.7479456386182e-07,2.372830984769669e-06,1.8400504787944453e-07,3.159195443687388e-06,1.3953340391164145e-05,1.6394461321234717e-08,3.4560405553408717e-07,1.9996916341444344e-06,3.25993915413118e-06,4.194003747268795e-06,6.985126090881773e-07,6.487496208897889e-07,2.33385619519192e-07,1.6411999914560285e-08,4.0868938190951086e-07,1.1716698250880674e-07,5.984555637343172e-07,1.1753594876437693e-07,1.2033347054063893e-07,6.907510235998773e-07,1.002638117124881e-07,9.889882571818295e-08,9.064360626969672e-08,5.306360502647806e-07,1.738332906754987e-08,6.2392557181694185e-09,1.475716720633846e-06,3.721551551638017e-07,4.005388804134642e-06,3.052848384632748e-05,3.860695252224184e-07,4.859635496917172e-07,4.948527035424174e-06,5.760132777554859e-06,5.6370776113847545e-06,1.0056684685162157e-05,9.260188990823025e-06,2.475331934294083e-05,9.78243948012558e-07,1.7995174119073787e-05,4.405374409184487e-07,2.814498338368048e-06,1.642032852918204e-06,1.7969310460116165e-06,6.783579357581129e-06,1.1476375192664705e-06,2.3855284119594287e-05,6.422643324310704e-06,1.2546465364399558e-05,3.495282810833406e-06
0,1.1392397859560206e-07,8.458377104405927e-06,5.710257437858877e-07,6.7144955382318e-07,1.2865432342137545e-06,2.8138326829162095e-06,0.00014052830061691478,1.2158862611103162e-05,1.4955936408537384e-05,0.00034524062047253936,9.50422352944658e-06,2.8175806020369612e-08,1.8351903922096755e-06,7.560343222572825e-05,0.0002054644483193403,0.0005011424070664658,0.0018304868677748993,0.0008194050657973038,0.0008101228039467511
0,5.791400227743415e-10,7.462043034193554e-07,1.450310628339941e-07,1.6662518986024363e-05,2.3440845118447518e-07,1.2401896494560898e-05,1.6424562435838479e-06,3.172487685526768e-06,2.1216770238688637e-06,2.018569671250175e-07,6.867916417935581e-07,3.6029656096869973e-07,3.731013550457387e-07,8.382520423797299e-07,2.450297484889984e-06,4.4140896606498504e-06,2.137657737566697e-05,5.2143091053427675e-05,5.624463661206773e-06,5.007409088227017e-05
0,8.006920250836657e-07,3.108240310347924e-06,1.0353648378966685e-06,1.3360413895483622e-06,3.3508748503526417e-08,5.036670916948841e-06,1.9384144909147157e-05,4.3326591484512343e-07,6.563921984880872e-06,0.00036191471124346014,3.9709573454121674e-05,9.627542063997245e-05,0.0003695520131257309,9.386615645290324e-05,0.0007917964679284772,0.0014317327706675621,0.0012587053572205246,0.002652237504202946,2.128835881374841e-05
0,2.3410455999703606e-07,4.246659172078918e-07,1.0405137410685414e-08,7.285256488628451e-06,3.6564099402816972e-06,2.209731416269533e-07,5.884636470297623e-08,4.4004514752941677e-07,4.748975004690072e-09,3.2055509401888724e-07,7.0634226765150735e-09,4.392918450548577e-06,6.578161175763986e-07,4.606601900935446e-06,2.249672978804775e-05,3.0453880580956746e-05,1.2765805581209403e-05,2.9781943552504897e-08,3.4406422449266834e-05
0,1.4373050694549813e-05,6.203579311051036e-06,2.6387757533610275e-06,8.265626674669052e-05,1.6553567905161613e-05,3.395564181564448e-05,4.225073789413688e-06,3.5910853629842416e-06,9.214661201340626e-06,1.793013494755051e-05,7.055592756008202e-06,2.3307729520939215e-05,4.46772333458746e-05,5.250721048069186e-06,0.0008459532498865988,3.717181849492833e-06,6.642646462540876e-05,0.0001416273886049588,0.00029560081442387776
0,8.855482927276884e-07,6.344646903862667e-06,1.0504641036613653e-05,8.142131185253252e-07,5.204488522012669e-06,7.494168831775318e-07,5.065759030088943e-07,2.8650173085228482e-06,2.8830633008493035e-10,2.1087769993866736e-06,4.928261837805047e-07,4.882502661624312e-07,2.910999012237751e-06,1.5322819296640466e-05,1.2484682924940837e-05,4.182380416872773e-06,5.9635776008011644e-06,4.981200239903486e-07,3.5618253561101274e-06
0,1.3548253863209838e-05,9.285667252970846e-06,3.3386949853001614e-05,1.9653433924490557e-05,7.978715925573711e-06,3.293520868774125e-05,8.201086989570327e-06,4.338162107754348e-05,1.7762502986920097e-05,7.77825498629796e-06,1.2386377204345371e-05,5.41110894831001e-07,1.355032300057165e-05,5.6440324681703834e-08,6.177430231979662e-06,8.011289233369738e-06,0.00016493030436854898,2.5578564094725467e-05,4.39973857922365e-05,0.00010292247504260665,0.00046176669389537926
0,1.4443888961073797e-06,3.7439389707155687e-06,1.9179253123236596e-06,1.1543688768881722e-09,4.4263001915281205e-07,2.927072430076122e-06,8.686421760975446e-07,2.1777286848318474e-08,2.6075106877950167e-07,3.6210915073424505e-07,2.913907965783789e-07,1.2593523122227402e-05,2.693927277061498e-06,2.394870112890466e-07,3.2911426865810318e-06,2.1995690501942774e-06,8.812942939911381e-07,7.167794517768633e-06,2.2379315535942336e-06,5.911783209906238e-05,1.0831105902515254e-07,2.6513832406181834e-05,2.2375559087755172e-05
0,8.740756128591309e-07,1.6346469795275874e-06,2.994396044097226e-06,1.2513299456343535e-05,6.123756434999164e-06,1.8887252240551645e-06,9.67275597211093e-06,1.0256040841490182e-07,4.330409058753e-06,5.555270467223232e-06,3.431951716289287e-05,6.663563813064476e-05,4.716693415315019e-06,3.220457604730377e-06,0.0006851748278100871,9.323278035709478e-05,0.000453107639610445,1.294551125928797e-05,1.3613244034399494e-05
0,7.16442738891756e-06,1.6646512346227487e-07,6.301999566566034e-07,2.6707716043118188e-08,5.806801834340206e-07,2.089634879168088e-06,2.1660705745521684e-07,9.080965104777728e-09,2.532410688970288e-06,4.8275150955495406e-08,2.2715269805895936e-06,6.677394989144512e-06,8.211948950758166e-08,2.834998497952791e-09,4.1535582741325926e-05,6.855796360880172e-08,1.1871842888055508e-06,3.823647624912465e-06,6.905782708987856e-07,2.9599706570877486e-05,7.010511931656007e-05
0,2.5350213785367742e-06,1.8413933799667565e-07,2.2404267511628908e-07,1.4632350238813525e-07,1.0584373253016925e-07,1.795628188349442e-08,3.663095320354763e-07,8.188138106007215e-06,1.9593282701533068e-05,6.323445960004367e-06,8.515327231762252e-06,4.350733143813321e-06,1.2042019396884424e-05,3.0476041130004815e-05,1.5159539640284181e-05,3.486709460120979e-07,0.00018274450701001723,0.00035806853602799794,7.5425395323331135e-06,0.0007867943066834244,0.00022229467715684408,0.0011583985810475848,0.0015389337620409032,6.763377788822984e-05,0.00022379980656914823,0.00016630271089078022,0.0020093190170812547
0,3.891054192062968e-06,8.103289526893542e-07,8.209441311616409e-08,8.184394590092718e-08,3.0465134201537878e-09,6.85043327698867e-07,2.15846697194595e-08,1.259936185275919e-06,5.289380179371943e-07,5.864970055507537e-07,1.1740591145309109e-07,5.750002284491592e-07,4.4392472498112584e-07,1.1260420867539942e-07,3.2586601118533163e-07,9.160178904772522e-07,3.7993132261692377e-06,4.8630221072008e-07,3.181312505484603e-06,2.839139451237609e-05,6.284295333807854e-07,6.1118855265964434e-06,7.752689946366956e-09,2.8252621208165754e-06,1.6135211447343755e-05,2.1160312732170313e-05,1.109891108780062e-06
0,2.415566580999832e-06,3.5973595710543825e-07,3.179026059050392e-06,4.6355260800775695e-07,5.501945381379604e-06,1.6654203322313548e-06,4.43340217753011e-07,2.770638457320058e-07,7.817860314187745e-08,4.474262990127383e-06,3.7091881491962453e-06,8.973916519115752e-06,1.4439219183952531e-05,8.439657852558623e-06,5.623852366183966e-05,4.757824320500748e-05,0.0001561935120855378,6.135563119322004e-05,0.00027779124007077294,0.0018410070664844598,0.00018229585319509957,0.0015547481693516654,0.003502151655731183,0.0008861702436813233
0,2.189607301690744e-06,1.972609303125652e-06,5.423404757377653e-07,9.631046332494452e-07,2.6362268242859737e-06,6.282714606413188e-07,7.268279113998001e-07,7.228461278027028e-08,1.3239411556241678e-07,8.231990076639557e-07,4.806328154797996e-07,9.54711670693417e-09,9.050195695769569e-07,1.7708050918060124e-06,4.037293199721518e-06,4.814002820267862e-06,1.2868372126637592e-05,3.564909706575618e-08,2.6865464654329954e-05,6.433536937182677e-05,1.9915418456259527e-05,7.647343921596609e-07,1.6597649008011735e-08
0,1.1896159354878818e-05,3.566790122615211e-06,5.054893316238336e-07,1.8782612078899412e-06,2.9848412061296113e-06,5.222630003275153e-06,2.2685045328255855e-06,4.489094841573352e-05,2.637119427153787e-06,1.2932361380029445e-05,3.397436422038518e-06,1.3041107532667496e-05,2.159366641266187e-05,6.06590058244578e-06,1.2263029417882357e-06,8.268150465556208e-06,0.0002090929756978935,6.909724709244852e-05,2.3092723926738925e-06,0.0008641859065400333,6.0566208268536065e-06,0.001552130259832835,4.997280429531587e-05,0.0007473414315689592,0.0026190960352339395,0.00025253900141809446,0.0008937609674088345
0,1.9828034012795703e-06,4.902909541769824e-06,5.069307008352377e-07,3.575865389602602e-09,5.488272170183396e-07,1.1530180200413966e-06,1.4108658934565984e-05,1.7687491045719873e-08,4.621208542987286e-06,5.508312310380182e-07,4.1008200038538825e-06,3.8016540258690483e-07,1.7104817351418843e-06,4.213838991447437e-06,1.973268829661427e-06,1.181186788946468e-06,2.621787366789457e-06,4.381239517624041e-06,1.8140647751976312e-07,5.696142770842651e-06,3.917205715351376e-07,8.094668190466818e-06,1.1121087592388277e-05,2.6914422233100845e-06,1.4475336940122987e-05,3.288143213765914e-05,4.7177718518466336e-05
0,9.848859513070672e-08,2.54753742602948e-07,1.5786106125344883e-06,2.2273892081240504e-06,4.931787809475269e-05,3.971943603808979e-06,1.6994648935102573e-06,1.2686829546918028e-05,3.4945459025703165e-09,2.787832513532769e-05,1.166258990678064e-06,7.60187435385686e-07,1.204013649188374e-06,2.489417287077656e-06,7.633892912912578e-06,4.377764092091239e-06,1.9727767749856975e-05,3.747209035021902e-05,1.5207257580475907e-05,4.810310250007654e-05,0.00017240969215441814,0.00032415030437025696,9.493601191764938e-05,0.0001436815222440274,0.00043771422488477797,0.0009686975159518051,2.0158865733845105e-05
0,2.3973912142447763e-07,1.6114729940919457e-06,1.0987100689452433e-06,9.025488802037506e-07,8.739268097953836e-07,1.9578987417454636e-07,1.9395439277062794e-06,3.406006221176757e-07,5.077582952232858e-08,5.858019462623157e-07,1.7762948857295154e-06,5.117837397084454e-06,8.22448271319795e-07,2.6778985855237117e-06,1.718538685490146e-06,2.7188539173295327e-07,3.672422509626672e-06,1.92339947939771e-06,1.0799848935957932e-06,5.868024668045112e-06,1.1070786828794631e-07,3.364721197035863e-06,1.1838060176180625e-05,4.6724458475152527e-07,5.9103676785795576e-08,1.0228951116498996e-09,3.7822058859170813e-06
0,2.9642888096346807e-05,8.213285523925259e-06,4.912398376975844e-07,3.0539375940469907e-06,1.194964475350674e-05,5.054984153845025e-07,8.884115796339956e-06,6.501822787098815e-06,2.7266354555958904e-07,1.5059117667996014e-05,1.895060201025777e-08,8.73297008526192e-06,2.0819347306198783e-05,5.388566433189246e-06,6.369511867069588e-05,0.00010711852421613872,0.0001476888777818455,7.957704314725913e-06,7.433963508460954e-06,0.0012273533628432334,0.00016806541849822323,0.0005378775028536687,1.4917092014396919e-05,0.00152436144680923,0.00042570766391442235
0,1.983036010659336e-06,6.286709359427321e-06,3.765761233445803e-08,1.402724122246829e-07,1.0719791435318013e-06,3.04140390022349e-07,3.5265811112493557e-07,2.77722306806114e-08,1.0951000058960154e-07,3.8828558945379376e-08,1.571754491680779e-07,5.1245507182753155e-08,1.1122674340740275e-07,1.0186584261128716e-06,1.058463183485265e-06,6.171866835985038e-06,2.4542748656081e-06,1.3792488158114152e-06,4.309344152756731e-06,1.1163659012120641e-06,2.8366967217971073e-06,9.987771779766133e-07,4.896000584860323e-06,1.2463700255408319e-05
0,8.238262488536386e-06,1.734585792056623e-05,3.5196221984575947e-07,4.099897077511421e-06,9.39174614635452e-06,4.0328104162328915e-07,2.3574409325844077e-06,8.545821902554413e-07,6.972048216136287e-07,3.279884881022386e-05,1.194630515627155e-05,0.0003167145042421235,1.5138252506244636e-05,1.1156949520134008e-06,0.00010150344788516707,1.2578101424734114e-05,0.0005029552798909481,3.5422776634689814e-05,1.0197107553324278e-05,0.0007224559024408472,0.0006483642370578287,0.00023239603070661417,0.0021710115255430037,0.0005355148801273657
0,5.087937626016994e-07,2.407858750376601e-07,3.794101221951245e-08,1.8995741150188364e-07,5.0469120716487216e-08,1.0186120352573882e-08,2.560013856855796e-07,9.375192580950925e-08,1.342727891247052e-07,3.757307700825385e-08,3.3495526323928384e-07,2.258545227312371e-06,1.4434817189924835e-06,5.980088304525446e-07,2.407668071331207e-06,2.315004607062549e-06,1.8272521474490272e-06,1.1648360713676262e-06,3.37491385452209e-08,5.815627365339724e-07,2.2387075897354766e-08,2.094628356925605e-08,3.780264849728848e-05,8.789491748297619e-05
0,3.6082890514368657e-06,6.697825785907228e-06,3.6486401182141215e-07,4.316458594845929e-07,1.001511747015611e-07,1.3157908828199661e-05,1.3443364129006027e-05,2.3061258575158314e-08,1.656239237035488e-06,4.187679588695741e-06,5.075006945421824e-06,1.5578621661682912e-06,7.457539467611982e-07,2.4748782336332175e-07,1.5144193304191643e-06,1.2596960935252645e-05,6.866791030948875e-06,4.051523662627289e-06,2.5504794149405492e-05,5.9580610414909004e-05,3.361232521424116e-06,6.617160100939523e-05,2.8946696827623613e-06,7.759403783940396e-05,0.0003037169563894314,1.5286487963518397e-05,6.828694742643126e-05
0,1.4949894006495954e-07,3.093165113255044e-07,4.779575603668711e-09,2.6997465052327816e-08,2.7153848788259173e-07,4.2801078100884634e-08,2.7308621038018635e-06,3.2018582882544797e-07,5.710524788751118e-07,2.916456279194965e-07,3.11027171208258e-07,4.87463148907759e-07,2.1915851357048904e-07,1.221501040310918e-07,1.0336531459510957e-07,1.0404115477779258e-07,1.350958517160317e-06,1.39420534329003e-06,3.714600171127772e-07,3.7518868302501304e-06,5.026803675166082e-06,9.195502056068285e-06,2.949960677217563e-09,6.3220501475391234e-06,2.36902218809379e-06,4.0963202690253456e-06,4.784879999675847e-07,1.8138901673846036e-05,1.2918872474121335e-06
0,6.667504555369122e-07,8.87554535429233e-06,6.394017527123557e-07,2.3133850631291703e-05,3.2572004366311457e-05,1.1195476940081013e-05,1.894585626124074e-05,3.432040628935474e-06,1.2563842057654808e-06,1.426075748558885e-05,1.1332367157504627e-07,1.8276799750505312e-06,1.5014337177887661e-06,2.49748889433753e-06,7.200998276401927e-06,1.2288668606162125e-06,1.7570690989580601e-06,2.097559130179785e-05,2.484614286971862e-06,1.1196177552602857e-05,1.0638317591651917e-05,1.7462896449503509e-06,2.0899979331774465e-06,1.3107804615668259e-05,3.190524329419794e-05,3.0352072767382175e-06,0.0001273561221798749,1.4170485032737649e-05,4.486722009370293e-05,2.4442156997258998e-05,3.747971407544814e-05,2.759652244049337e-06,0.0002913318730798323,0.0002104075792071115,0.00042843736492844775,7.917903073096104e-05,7.144207955071756e-07
0,1.1732461202216089e-06,8.468953963435366e-07,5.2465518985754736e-08,3.0594122591541714e-06,8.67189829937102e-06,6.459593210580363e-07,4.402654327737344e-09,4.120251913564178e-08,9.81049677272485e-09,1.5796463113993267e-06,6.078792833461819e-09,2.9412632840015614e-06,1.2801289169903187e-08,1.556974274435815e-10,1.4621767879829376e-06,6.847240573745352e-06,3.937981312613127e-07,2.231778860611932e-09,3.177299091372681e-10,1.4581707964121618e-06,9.314096202972807e-08,1.1481992303466593e-06,1.595806270493497e-06,1.833130133535864e-06,3.501412850987388e-07,1.3344698827872897e-06,6.74512946903845e-07,1.3077164766178786e-06,5.8769663291741895e-08,7.422695499411858e-06,7.966138480468469e-09,1.1167930161665238e-05,2.850085780113763e-05,3.346585980582212e-05,2.8156398046934283e-06,6.1844823088052145e-06
0,1.0253136646412768e-06,4.259216680515957e-08,9.796645912105361e-08,3.115000404855246e-08,1.2347921011176921e-06,4.524649549136266e-07,7.559004641707822e-06,1.6566529181967762e-06,1.2559046765350188e-07,1.1849950225986715e-05,4.0532075365570976e-07,1.250440306500975e-05,7.744890875197029e-08,4.11957180539907e-06,8.840189185205743e-06,3.85774176453659e-06,1.8310701940048652e-06,3.0391731812237015e-06,1.1791215466237122e-05,1.529433075222918e-05,1.149373941737393e-06,4.757916736464612e-05,1.0180717667969541e-06,3.881978702949745e-05,3.032517570029936e-06,3.861732926681081e-06,7.867305777188398e-06,3.2619824239686046e-05,1.204385890619669e-05,2.3125424323741498e-05,3.1112761228156785e-06,1.0474607290930024e-06,1.786519800890667e-05,4.746780719944648e-05,0.00031491144403896973
0,4.046379382249751e-07,1.5258764350679968e-11,1.653070501286304e-09,4.58431343786673e-09,1.1618693718429607e-08,3.1397448536817787e-07,1.7316667002584276e-07,2.4957444531947824e-08,2.4074290591057133e-09,4.4716900012756585e-08,1.560288705901643e-08,4.5264072519548074e-07,4.7489539307940143e-11,2.2248733769989666e-08,3.332876556342949e-07,5.204861987569823e-09,5.277879496371285e-07,4.640460658851587e-08,7.760888125229286e-06,6.408491415969137e-06,1.108487861190752e-06,5.930508803432412e-08,1.0801642105410467e-05,1.3521033656822037e-06,7.96084650594731e-07,5.16520009571407e-09,1.1439371650871118e-06,8.89735700129027e-06,1.7213540488346027e-09,4.7390567964610956e-06,4.330765512829973e-07,6.681700253201667e-06,2.3771231327179163e-05,1.5659577633561363e-07,6.256301987204804e-07
0,1.5343616345386494e-05,4.626010002845048e-06,2.403582157654969e-06,1.074999902593054e-06,2.250711731763344e-06,1.106046657705701e-06,2.146986873238632e-05,6.4158660144129154e-06,4.020562194702105e-06,1.3697292427893828e-06,6.461766040192241e-06,0.00013607287654653598,3.678671119184041e-05,2.4017814215012955e-05,0.0001800694862549637,8.985129794148405e-06,0.00012579320456066986,2.7470316699592206e-05,0.000374249984070205,1.5249096005176336e-06,0.00021462814721186132
0,3.137436282335934e-06,2.9451290918504337e-07,2.273075472173094e-06,2.4367825922752634e-07,2.422144846704654e-09,1.1624073526158305e-07,2.260434322334645e-06,1.587128497595681e-06,3.349085509392315e-07,7.701569434660082e-07,8.545937865314453e-08,2.8577343765503708e-05,7.362971742713615e-07,2.750133028677842e-07,7.35881112976616e-06,8.009945344155086e-08,3.5836984353247224e-06,6.682751454386458e-06,3.349255501825317e-06,1.9246984766823112e-06,3.812282702388578e-06
0,4.784502958354924e-07,2.7865661747787295e-06,1.739958683427747e-07,4.052463939513092e-06,1.053444340631131e-06,3.294619350136534e-05,4.619870337329066e-06,1.2212172335369516e-07,2.2090190385616165e-06,4.869663012028038e-05,6.291919541310646e-05,2.642781626922621e-05,6.290512699083436e-07,0.00015629009057660818,0.00018842845272705905,1.3186830594076621e-05,0.0001472551365633195,9.96044317392442e-06,1.989101894725605e-05
0,6.196618324822159e-07,5.579151821559435e-08,1.1502380176618657e-07,1.1785311713244559e-06,1.3276126794452308e-08,1.956545620811478e-06,1.8153492873806109e-09,1.972322556261055e-08,5.862370012241938e-09,2.9549236417989477e-06,7.132572186726135e-06,3.168913834693571e-06,3.356419958496458e-06,9.402153412276439e-07,5.855666117787744e-07,4.4413490012885455e-06,2.3441837903173655e-05,2.3663270244731514e-05,1.5537337060810434e-06
0,4.7174151337150505e-07,2.777420945549079e-06,1.2943876641323394e-05,7.058981254807686e-06,4.439949889641465e-06,5.406592996898731e-07,6.612756132873942e-08,6.749692337998351e-06,1.0988898935559338e-06,9.885634447614632e-06,6.571860243374835e-05,0.00030104892022542466,0.00029299418861699543,5.497974471641693e-05,0.00022345914153673152,0.00041878094943924744,0.0003601221142001729,5.3093231235670146e-05,0.00011666369247272104
0,9.605009570527764e-07,1.8707851594567987e-06,2.5272907900355032e-08,5.9218835028038524e-08,5.850154433170863e-08,1.8780607216202888e-07,5.2965144041677136e-08,5.017747689460122e-06,4.116605388850986e-06,4.649303308845734e-07,3.8987481496496786e-07,5.1243742972658284e-06,9.096329867454409e-06,2.6219536885792462e-06,1.9303170158218477e-06,4.35718393290815e-06,0.00011609575660255655,1.619751852348273e-05,6.87473779828437e-05
0,5.398136665940215e-06,1.977080655803274e-06,4.9887064203578115e-06,3.352350429220558e-07,6.917469891534244e-07,1.739202241162504e-05,1.6509641046381885e-08,1.7745877166660576e-05,3.340324470406645e-05,1.2912460778221003e-05,1.0810116016746714e-05,5.5669075173148134e-05,5.76696335149136e-06,5.012794013166971e-05,2.057822568406255e-05,3.014001185916506e-06,0.00015537004950210884,6.236182199009584e-05,0.0002980069944292992,0.0009578761678326493,0.0006887442159044326
0,4.2724880123242177e-07,7.893567535821886e-07,3.211970275646035e-07,4.280820242005827e-08,2.85458918385356e-07,5.673123056102594e-08,2.3554546033440465e-06,1.2478019784203409e-06,2.9482397878082782e-06,1.0767474654436525e-06,9.083304298042304e-07,1.4696649848601568e-06,6.004638280501845e-07,7.429033922539675e-10,4.774112526135667e-06,8.096860109109467e-07,7.887905593183897e-06,1.0529403260877053e-09,1.264339464457912e-08,4.647110133854526e-06,7.722384571152035e-06
0,1.1335658933176546e-06,3.7116315550330677e-06,1.779564466071741e-05,2.422936812968584e-07,1.0574750413674478e-05,1.789083124577929e-06,0.00013717222334308954,4.0641114715274485e-07,4.879229579784997e-06,9.591774827479477e-06,1.4388194000362383e-07,0.000191385150370785,0.0004265126560160745,0.00013002541133027713,8.776265607251185e-05,3.886640190404479e-05
0,7.906890524531745e-07,1.9365821620335396e-07,9.172832731095126e-08,2.1502964247318413e-09,5.532409786034033e-06,4.0784738597310674e-08,4.437391754215708e-06,3.214294382495443e-07,5.780221552309747e-06,3.3310789784529186e-07,5.822120278309599e-06,4.1907203355461665e-05,5.456980305217587e-07,1.0096000134905024e-09,7.697510539065828e-06,8.823831707747715e-06,1.0331103006980893e-05,5.252882083988646e-06
0,8.217073612942181e-06,2.2496813009306507e-07,7.408995317217251e-08,8.329026397868813e-08,1.639259591814311e-07,2.541128900462671e-06,8.39495315668075e-06,5.542831691744321e-06,3.0052859282420943e-06,6.710053023099993e-06,1.4539505482222351e-06,0.0001139451999417852,1.0334920892805027e-05,6.286420080890317e-05,0.0006628356174332412,3.473889026062131e-05,0.0004670190366264325,0.000499800799976672,6.753185250582033e-05
0,1.8167716943193491e-06,1.8407215720381617e-06,7.935721252026107e-07,2.0529782854641397e-06,4.4338195477707136e-08,1.165992895404447e-06,1.266865169372563e-06,7.044908223992517e-07,5.29786546382654e-07,2.2607715589551956e-06,8.471931266522665e-09,8.843449293671286e-06,5.399909958765897e-07,2.0576356120007153e-06,2.2103718182937276e-05,6.575449608680557e-07,2.3827086356950034e-06,5.8913094092554825e-06,1.3265527254250421e-05,4.493069105415906e-06,9.734967911110108e-06
0,1.1195257060716367e-06,1.0234125521827145e-05,1.6629604396160104e-06,2.6581627937094796e-05,1.5843528613074317e-05,2.613060885345373e-07,1.558211419109487e-05,1.8897722741715012e-06,7.58979213936608e-08,3.4906561457390076e-05,1.8606696439272508e-05,0.00011499485209127679,8.542978315818305e-06,1.1729777595163016e-07,3.210502933448812e-05,0.000664909725568081,0.0033397404540069725,0.0003933597158139207,0.002408766300005212,0.0027649552441113036,0.0007025194905176915,0.00014208813319985082,0.0004582324136186986,0.001828295637765453
0,2.004629274780046e-07,3.8696265809054054e-08,4.3806265179306145e-08,1.516591880714792e-07,1.532675387441457e-07,1.2341966883563749e-08,1.6428442831945005e-05,4.190078736400582e-07,2.424716890176282e-07,8.037367199373437e-08,1.3597069643998901e-06,6.9580649506917765e-06,1.1729361027938252e-07,7.307243840146123e-06,5.235389039122207e-06,6.038175157365753e-06,3.1175619989971104e-05,9.038987252838358e-07,2.2954816754249903e-05,7.740810793486328e-06,4.5964702167152733e-08,8.419768685410732e-06,0.00012406355710625473,7.359452517690136e-05
0,5.685553412925822e-06,1.811520923238079e-05,3.980019352277116e-06,1.7139380670711596e-06,5.983777494696279e-07,1.0278220158685476e-06,1.2796191731306137e-07,1.4193972938067715e-06,3.487417322415385e-05,1.490304563774476e-05,2.7464536122455363e-05,1.3431843734549245e-05,3.6957371183353867e-06,1.5726777939422846e-05,6.079475659191578e-06,3.687867412225691e-05,1.7189417592412988e-05,6.155461362015513e-06,4.712308140519669e-06,1.2946439716058848e-05,3.968803580533927e-05,0.00011754604931343569,2.4242331771530233e-06,0.00025540773810488226,2.376686793073777e-05,2.6970476586734928e-05,0.0005299708813359822,0.003359233173435346,0.000361824829954771,0.0038540063061494054,0.0018263684319361402,7.356878775646058e-05
0,5.002982494310022e-06,2.4704462560195307e-08,4.4749873429702055e-06,4.1685401040197687e-07,2.738939007492146e-06,1.1452660434826984e-05,6.838815972491454e-07,8.045474295460286e-09,1.1652733159540009e-06,1.4795373873326353e-05,3.2751280821612614e-07,7.53720787636953e-07,2.5273349399790974e-08,3.0435364219485715e-06,7.515397365125769e-06,9.844532587556744e-07,2.297047507148322e-07,1.9412621577265406e-06,1.6842885043223447e-06,1.736109587071168e-06,3.492397443086551e-07,2.4471688973914302e-06,1.4884175175209686e-05,3.4188669160960157e-06,4.3648826334543226e-06,2.1139161231124152e-10,9.266268951639628e-10,1.5897466717124563e-05,3.833881725881497e-06,1.48376644331129e-05,6.214968533169778e-06,5.671076192838249e-05,0.00010870668341571715,6.218321184110181e-05
0,1.3428859773074181e-05,3.7976234267517476e-06,5.206314169175039e-06,8.040318481841213e-05,2.7040187744430673e-06,2.5638356938732105e-05,1.4123186833852248e-06,1.7119640784464862e-07,4.1122999577550794e-05,0.00010036022204161886,1.5233317968172616e-05,8.830648563078002e-08,1.8774812706164696e-06,3.22563684762459e-06,0.0001819928316176872,5.254226063870449e-06,0.0002069034104870814,0.0003450470514310067,3.979456950986822e-05,0.001233259725458857,0.0005856371772656613
0,7.945432213113021e-08,6.256545478203436e-08,3.747137953030771e-07,1.1092804436976472e-05,1.2728377989366537e-06,5.21153339171372e-06,1.0296392787892314e-06,2.392957319725098e-06,1.7168261172371347e-09,1.8209570776377247e-10,1.1986739320006338e-09,1.8653088555503363e-05,1.5523218704858345e-05,1.3097812540134469e-05,9.45177022269373e-06,1.4604345031333818e-06,5.843197175786878e-07,3.5116401110540457e-06,6.996067738198901e-07,1.0101738378431598e-06,4.579954391995058e-05,5.564963830096882e-06,5.54988572669214e-06,1.7858452072333515e-07,1.3677376305409967e-05,3.01382193016622e-05,1.5070002303365457e-05,0.00010001420083575839
0,3.814857836148904e-07,1.45585726586343e-07,6.811493834378956e-09,5.681336064322619e-06,1.8434606476327502e-05,1.134430081489485e-05,4.408629795573707e-06,8.32175198157202e-06,5.3252419895527864e-06,3.115854924868724e-05,8.289486532694235e-07,1.833720408249262e-05,1.9957127784431984e-05,3.511103032555018e-05,0.00036349295533522476,2.7446943691101216e-05,0.0001463190645180146,2.5098745965771422e-05,0.0008765775548291834,0.00026954844920684684,0.0002454581495667261,0.0001987272887390735,2.4790987016433427e-05
0,6.147948249358136e-08,1.2328045019449655e-07,1.4033842129030862e-07,1.2488716363702907e-06,1.1128605442098532e-07,1.8912575945323025e-07,7.146458570691099e-07,1.028065657954693e-05,1.578343123009202e-05,4.9680671700230216e-06,1.6249137604558153e-07,1.9005975822754123e-06,1.3471704121268184e-07,1.0881346521142202e-06,3.349296317398816e-07,2.6096384371164217e-06,2.2183407810816506e-06,3.097641516046018e-05,6.791873372330983e-07,7.762471385127104e-05,1.993848323640423e-07
0,2.468232282414135e-06,6.951354004234553e-07,4.863720646140437e-07,7.241766140042894e-06,3.998480061534761e-07,5.235548862830313e-07,9.333214899747456e-06,5.678031562225793e-06,2.0721099145543264e-05,1.7180581347040695e-05,3.695369294935337e-06,9.070627085228099e-05,6.241589146785886e-05,0.0002804028097547578,3.207459043956019e-05,0.0002503194231530222,0.0004340515802510334,0.000165140293625679,0.00032257015625889124,0.0005085749204376699,4.070816969581516e-05
0,7.336817871690818e-06,8.147365299164158e-07,3.081567347382736e-07,3.9946879407694827e-07,7.617585998855053e-07,3.638507918318546e-07,3.538979090647994e-07,2.173321459899323e-07,1.7123187847394793e-06,2.888151292520493e-06,2.456206147278156e-07,2.427458516861336e-06,8.64599217774388e-06,4.493957247572266e-06,1.8184683328879538e-05,1.0877439280502994e-05,0.00011341485024926232,1.120056867873694e-08,8.855493093819645e-07,2.0416358045895506e-05,5.770564057801219e-05
0,1.7368965147444638e-05,2.8401694963045763e-06,4.5333254913692735e-05,6.1455158356726685e-06,2.505895591133872e-06,1.3994055611550662e-06,1.5150137174156033e-06,3.958671294302714e-07,3.298338045223086e-05,8.374650428945622e-05,9.512339460518459e-05,7.716730119104064e-05,8.707627740768166e-07,9.999846944637073e-06
0,4.3300081974579195e-07,5.438610808188823e-07,3.296905877408083e-05,6.128695797950977e-07,6.152849329382715e-07,7.079839306601166e-06,8.491998346407758e-06,5.426856703783387e-06,1.1479765255028948e-08,2.6077567474339046e-05,4.53317035895574e-10,6.499868621520541e-06,1.4750336082804606e-10,2.6147254698490497e-08,7.414944174012508e-06,4.039326703761519e-05,9.173324723828084e-05,0.000205523763516213
0,1.1857884559406063e-06,9.960589398133963e-07,1.248094411000375e-06,3.3017197488731354e-05,1.5840428705926462e-05,2.6363071109179413e-06,2.4400379981603233e-05,9.795802655797057e-06,2.5315773944282e-06,8.28508106984012e-06,2.365782557240737e-05,0.00019599454435314888,1.56763519082287e-06,0.0001561379160492184,0.0020182184084012915,0.0002470696649772588,0.005784812980217147,0.0014044172424336043,0.002009604613067956
0,2.0573414584975493e-08,7.207945939861355e-07,1.6875583195226292e-07,6.520646028683417e-07,8.586274249023223e-07,9.83997345493656e-08,4.694966562387122e-08,1.9970180075100943e-08,3.098600377899893e-06,2.7922357127076236e-07,1.0455865829266306e-06,2.0485362279158876e-06,6.857913446172546e-07,2.3474873712847094e-06,2.2212102935744204e-05,2.284198161079359e-06,7.898548358628273e-06,5.767185676353323e-05,2.853676759332125e-06
0,8.442244764589163e-06,4.026677208510815e-06,1.0865599540230496e-06,2.927687806405525e-07,2.651341711353835e-06,9.747159371731965e-07,5.829992179422419e-05,0.00011274662070872186,3.369193220466783e-05,6.318114845684583e-05,1.812617110746873e-05,0.0015735667889137123,0.0009040558958971004,0.001312509668491497
0,1.0849929777975247e-06,1.104608792296788e-06,2.8524035310212066e-09,2.728726143401405e-07,1.2042351340890844e-06,1.346985844584479e-06,2.987384793207395e-06,5.6173639950203836e-06,9.327641932031073e-08,5.435911273501814e-05,4.036993826695315e-07,3.55030614538791e-05,5.311348769078978e-06,1.8917594550082397e-05,1.2118333599658892e-05,1.0436549786386769e-05
0,1.615729690715962e-05,3.159994262497215e-05,6.138653001716849e-07,5.388785465058105e-06,2.3498686145570182e-05,0.00012093935654424194,4.246317586802132e-05,8.24679091417624e-05,0.0005254358914066155,0.0015551977211232086,0.0032916664354526743,0.003912113389399156,0.0021111042844989027,0.00032339556692613346
0,1.1527279409454185e-06,1.1545305945074004e-06,1.0257307449857353e-06,1.1524963155011316e-06,2.4928531922285442e-06,7.560216499477309e-07,2.316555128588745e-06,2.6717976998871084e-06,1.599467358282182e-06,9.869103493559861e-05,7.572787504042799e-06
0,1.2099214271025917e-05,8.65675584217294e-06,1.3962468336497267e-05,3.027860402741769e-06,2.616217336132122e-06,3.821599095144751e-06,3.4464002246645416e-05,2.8176491525717624e-07,1.2716825689816231e-05,0.0004754463172751947,0.0003609507272813225,0.0013703561210664681,0.0012052064219737492,4.7232582009071245e-05,0.0012066365873857746,0.0009356122646776197
0,6.928247603275389e-07,1.0068452618879336e-06,1.1784079528746721e-05,2.7365399591909174e-07,1.3157083320831571e-06,4.118453664877737e-08,6.824312896814077e-07,6.45337391429362e-07,2.1604640430183294e-06,1.919434942500736e-07,3.4480892919962656e-07,3.63007058793344e-05,1.6107926352727152e-05,2.1933040397538777e-07
0,1.3105059504352906e-05,7.052781658634837e-07,5.365432100473931e-07,2.3846309344275506e-08,1.1751934237846245e-07,3.4628174118050594e-06,2.7231249759086765e-06,3.4640912245422526e-07,5.1316013192498895e-06,1.443067934615733e-06,1.6048405385298676e-05,2.7351235962355506e-05,9.738588245114087e-07,0.0001146143165534843,8.156439474119047e-05,0.00038025768304435713,0.0005278600907454457,4.270162805098164e-05,0.0008657193084010596,2.9694025715666058e-05,0.0006727451813968383
0,2.472784409043853e-06,4.135945798490638e-10,1.7197331880628023e-05,2.3061970063729922e-06,8.460918931740831e-06,2.6068586077463767e-09,7.291955706635139e-06,2.2421285002647454e-06,5.3330791806869514e-06,5.07756436761883e-06,9.09809803377446e-06,6.9462108016668845e-06,7.655816631106098e-10,2.717427313570891e-07,1.3385564325247692e-06,6.172123783807556e-08,3.3401102959599757e-06,4.252681822241137e-06,6.7740107106947245e-06,5.208694263758382e-06,3.7661220622307597e-06
0,1.9360726289585335e-05,9.800649766244464e-07,3.34865849136364e-05,1.0594909359259582e-05,2.2719214390675288e-05,9.982994890549491e-06,8.433946571977437e-05,1.2231404156597895e-05,1.429436017043689e-05,8.32285637760782e-08,6.604098096784903e-06,0.00011332519698352846,1.4536993626863657e-05,0.0001153554127103579,0.00027081634391189083,0.00031086369590126216,0.0004579189526088623,4.8996158890301574e-05,0.0003232127906547958,0.00016414295949655164
0,4.0891890025587684e-06,3.8459661524422754e-07,7.556572208265611e-06,7.651707103624753e-06,1.3593684203452773e-07,1.268082227762213e-07,2.9816032735561668e-06,2.7383342124618535e-08,2.997735114783005e-06,2.4323711112696955e-07,7.155242361092833e-08,1.9951711350953085e-06,5.823169934836302e-07,9.492777505762976e-07,2.1160828279735555e-06,3.486033361232236e-06,4.039543685997307e-05,6.616029712015416e-07,1.8305624733705896e-06
0,3.9786035478705137e-07,1.5071291067401635e-06,2.3591921894265935e-06,3.4400209410042257e-07,4.041755063616867e-06,1.5308193211995516e-05,6.304649603965082e-05,6.930827961927705e-05,0.00011205177036003008,0.00048015596141334977,2.192885801976758e-05,0.0005950701083117439,3.1106701325061172e-06,0.000341748671265795,2.7723235370509675e-05,0.0007112129154428084
0,2.459297022858342e-08,3.393733464341452e-09,2.9457479373569686e-07,3.6870915031272535e-09,9.897562138920613e-07,1.9302990923854674e-06,9.19940496485034e-06,1.654118870923354e-06,1.999194952374152e-06,8.128968954338792e-07,4.241341223202841e-06,4.534313174951459e-06,1.5198155231398242e-05,5.303487108354559e-07,6.884652404345396e-05,2.9614136700012485e-06
0,1.1596318797413071e-05,2.4174680745994217e-06,4.031210867907732e-06,1.5793453060073625e-06,2.1033732653167501e-07,3.817561072808898e-06,6.549610148333739e-07,5.525551065119257e-06,1.541519153296138e-06,0.0007037123688293233,5.857072884203235e-05,0.002016810113107122,0.00014940860158935078,0.00010706956574903757,0.0003374571238568339,0.0007103611274317323,0.0005791421240699227,0.00010651716019904062,0.0004173350436577489
0,9.115393978047894e-08,3.106857691311625e-07,7.603105072468245e-09,1.1641370341868858e-06,4.619883297493532e-08,7.283953777360599e-07,1.506842199069112e-06,3.998369978933862e-07,9.689941659144155e-07,2.556100054213336e-06,6.66408086745797e-06,5.860380793699486e-05,1.186884277864318e-05,2.3279191241248845e-06,3.4615368538990037e-07,5.079203590009873e-05,2.8482528689934106e-05,2.071928201096314e-06
0,2.1866430039485048e-07,7.580723645549899e-07,1.2656463866497718e-06,2.90271944033721e-06,5.215390132616736e-07,3.5486549110360637e-06,4.9311396816686256e-05,4.306671999529762e-05,9.830692910646385e-05,0.0006505555741701191,0.0011597173422268122,5.187025049004614e-07,0.0005383505021279597,0.00024748902864429705,0.0005290408156551523,0.0004205664759232816
0,1.23418147488949e-06,1.1988714320488185e-07,4.900179768936185e-08,6.411675259708857e-07,1.1794889797745634e-06,4.9661502711403965e-08,1.1948944795328877e-06,2.5037194492866085e-08,1.2283608008261697e-06,3.570541101445483e-08,1.7465505581092286e-06,2.4245969282993e-05,6.6700089954038935e-06,8.50591390399928e-06
0,1.991205975702002e-06,1.874857662780105e-06,1.405478035763431e-06,1.5474704858407594e-06,1.50786619509485e-06,7.212903650156402e-06,1.4709908415853278e-05,1.350502142317215e-06,3.351323275938784e-06,9.41429618113349e-07,5.54705760516794e-06,2.6622832219971785e-07,4.4594938072895176e-07,2.0396539440627172e-06,1.0430000693077064e-05,8.56937231233945e-10,1.5058507603945022e-06,9.077980924984054e-07,1.6979184335906224e-06,2.8417070491798273e-08,4.3916908590369024e-07,2.0570975867791302e-06,2.1588850323760834e-07,1.455969052877714e-06,1.7779026912532343e-05,1.1995629354040002e-06,7.704058201399546e-09,5.472969732551322e-06,4.272722935936351e-07,9.150817337719931e-07,3.08639409801229e-06,1.0759876600857454e-08,4.2341740862257116e-07,1.208539793968589e-08,1.1523770766745033e-05,1.8057415700282597e-06,3.317803134450214e-06,2.741688415270805e-06,9.969290467693949e-06,1.844651513081893e-06,3.678392480499957e-06,6.546228213389223e-07,1.977704358940944e-05,1.0784330108124556e-06,7.146466060649024e-07,1.4802333225890767e-06,5.193964902632729e-06,1.110025041362301e-06,1.5650860903867934e-07,3.311727051695059e-06,1.6793876085842784e-06,1.848530862339403e-08,1.6410149866095406e-06,6.711616649368967e-07,3.335121952292606e-07,5.239187542300261e-06,3.028189587958282e-07,4.339010837514768e-06,1.0707615999611317e-08,4.467693878236434e-06,6.1794500525553e-06,6.35286106031227e-05,1.56027444024712e-05,9.948491531788269e-06,2.354723488592899e-06,5.990869427623519e-06,1.4062076066653465e-06,7.082052141234739e-06,6.436390925872268e-06,8.445302913809346e-06,1.4775795732758416e-05,1.056411653235169e-05,9.766510949864784e-06,1.0144842194367878e-06,1.8275739505660677e-08,8.290353353581131e-06,4.828847189387909e-07,2.066461722168552e-08,2.475581956914276e-06,9.307764002746937e-07,4.029824274858598e-07,9.509326682318909e-05,3.895047759620262e-05,0.00011726078444514721,1.9061893139427863e-05,3.768820626064649e-05,4.454049801115786e-05,3.5517121041628996e-05,0.00018504886292898984,2.14207480000483e-05,0.0008393813097694896,0.001126700623278431,1.3099907198195764e-06
0,1.682946722280636e-07,9.552138583595401e-07,1.1304545271831462e-06,5.130484723051636e-09,1.1107689401260197e-06,1.6298847992659183e-08,8.01468225160911e-09,2.422281846307606e-06,9.395125636873317e-06,1.4127466808179617e-05,5.252920092683894e-07,2.0266283123299963e-05,1.4501609388635379e-05,2.854370123358637e-06,7.592096056330074e-07,1.5423191268864027e-07,5.257001190644569e-06,3.186784828123915e-07,1.3334076272704968e-07,8.502636462361517e-07,1.202638771436479e-05,4.240414024189215e-07,1.1539603298296659e-06,1.636048345956763e-07,7.312439356611677e-08,2.962815878783237e-07,8.367587630069717e-06,1.2058857995978947e-05,5.488283851085346e-06,2.435181585914929e-07,8.411789952556032e-08,1.3111593609832803e-06,5.690792933375478e-07,1.3148700438231279e-05,9.624268416032723e-07,7.554223598510422e-08,1.665959554770523e-07,1.2554753851405402e-06,9.09306325748462e-08,1.0841200732303297e-05,1.1944582539368224e-05,3.4743564322329167e-08,9.450665648030707e-10,3.202689337332759e-07,1.2991456846055635e-10,1.019603040600252e-05,7.625441088990637e-06,4.553833405068171e-07,3.80160939357287e-07,4.6089135763521536e-07,8.08003088691709e-08,1.4490058291171901e-08,6.747139351122118e-07,1.146649022480654e-07,1.0890236015243826e-07,4.43549038378859e-07,5.356545119391699e-06,8.533331505847254e-06,1.5407923482814294e-06,3.0886643213940215e-07,3.896632396407912e-06,3.916375876794747e-06,3.4058962564026242e-06,2.2020698767747065e-06,2.4622923136398263e-06,3.121616132379781e-07,3.108602184714596e-07,3.441780768324774e-08,5.589243221074069e-07,1.4005735064482198e-07,5.646149192003966e-07,5.96504379126552e-07,1.5370278126864426e-08,4.245589169894737e-07,6.495252092608895e-07,7.423542380816152e-07,1.5333504350777906e-07,2.461496291307174e-07,1.1596493312828355e-07,2.0930052400619237e-06,4.503902380081418e-06,9.74029655712232e-06,5.82024448180637e-06,7.540175430940849e-06,3.762946556345359e-07,4.181268470730374e-07,2.2841905097715052e-07,6.555334497079037e-06,4.377598669005166e-06,9.130845577511385e-06,1.2135097850858178e-08,3.0371071683789145e-05,1.017293985314674e-06
0,1.3410943006152373e-08,1.4161785911499249e-05,8.653508556575507e-08,5.711599964286451e-08,1.0239473683475964e-05,1.7717562617796733e-07,1.267411507612638e-05,1.3989281749293429e-05,7.25543972649982e-06,6.962374079502928e-05,8.70636362131816e-06,3.182106062741573e-05,2.401771810545949e-06,1.2549532669050491e-06,1.5163444577563305e-05,3.779850924729977e-06,1.9617523886543954e-05,3.3573340537399093e-06,1.6140418737756237e-07,3.7337257238279643e-06,4.128922967411363e-06,1.7012750842069338e-05,9.463365107345706e-06,2.8243051330964755e-06,7.136603616674482e-06,2.649302587286622e-06,6.490088700795823e-06,1.330298660684289e-06,2.6224921919266942e-05,4.19007308372829e-06,3.1255821443664423e-06,7.87311561076283e-06,1.1148958600922276e-05,1.0702299255202821e-07,4.1772743115214995e-07,5.3272051682226966e-08,2.50923337775278e-06,2.1419091277596924e-05,3.753387445192181e-05,5.026612102894745e-06,7.947942033789878e-06,6.522923316381131e-07,2.3545041816083512e-06,4.971291634308729e-06,4.3467849484554827e-07,6.262440591523724e-05,1.2163156364601164e-06,1.9591217691738418e-05,2.901169628634095e-07,2.791017706777007e-06,4.148296671412518e-06,3.555874119714206e-07,5.515707396215832e-06,1.2603292921145108e-06,2.587162374454751e-07,3.937877117993714e-05,7.288901043829609e-05,0.00014496650996373607,3.0170447417666593e-05,2.2353758471048498e-05,0.0009769469632129946,1.8600685735828165e-05,0.00010435154049187114,0.0009107526430959102,0.0004424790333369839
0,1.222320581263141e-07,9.238556233328197e-07,1.6384804278607855e-06,1.7964555728371215e-06,4.308855349257156e-07,5.537623913348402e-06,5.063927745400602e-06,3.0154524013387647e-06,1.893373069091114e-07,3.489156933256742e-06,1.5816970431567013e-06,1.9287225667859552e-05,2.050744244314279e-08,2.420945717643288e-08,8.4069922091627e-06,8.41709533902627e-07,5.174075779508881e-06,3.4489904851315184e-06,1.25260743205167e-06,1.7980424573806946e-05,3.3146506612473453e-07,7.773882678478586e-06,1.6951221767250306e-06,1.6551640101745416e-07,1.7573195698070488e-06,1.5052198705262477e-05,4.3022994813231886e-07,3.2642624434853166e-05,2.7588133418306418e-06,2.4174007606733795e-06,1.0197064328964135e-09,2.058282568512517e-06,6.056167592713458e-07,5.897376743981685e-07,2.376100938529957e-06,6.850673648592811e-08,4.5497653372089946e-07,2.2470410397682607e-06,1.4054792942091736e-07,7.884536725367212e-06,3.4634495181265272e-06,4.930189827727434e-07,4.9997973871881615e-06,3.941496302832238e-07,1.1680822430904764e-07,5.273688264354895e-07,1.9870617282608148e-07,1.005388783007458e-06,3.625914515409391e-08,8.215539682731101e-07,1.7940347221076197e-07,1.576655673112386e-08,1.6188143782558635e-07,1.1372597273282284e-07,1.702232309989982e-08,5.745931505512742e-06,6.830699586512234e-07,4.481891956598754e-06,6.983075204279279e-07,1.2247667568513403e-08,6.834369695137174e-06,1.3114506782882698e-05,2.9069673571806115e-06,1.2473387228402071e-05,2.8924673725456913e-06,3.145071935862951e-06
0,2.879196204396219e-07,1.4767680274120261e-05,3.7377550909616827e-07,1.3975183877847403e-06,1.9604043861044243e-06,3.0014213928299422e-06,2.1549586976500483e-06,2.1604266179494907e-05,5.535326791337581e-05,8.893681860233858e-06,3.3175423009344177e-06,7.771193252394953e-05,4.611587272110417e-06,3.910363931155749e-06,0.0003261494538083148,7.029291762407458e-05,0.0002631067452252861,8.782353194760096e-05,0.00033057064825103193
0,1.6871772002332957e-07,1.394225031369108e-07,2.244593350260632e-08,6.669661801044634e-07,1.5028524369547152e-07,1.0187377715270305e-08,2.476729701979286e-08,2.3022584983922372e-08,2.708394204124076e-07,1.4581330104188156e-06,2.844818684671245e-08,1.4549866428303844e-06,1.4623568217634758e-06,7.654036823799582e-06,9.419278778239675e-06,9.2157159179087e-06,2.8301451166330106e-06,5.1723722867038394e-08,1.041824113573907e-06,2.607364951854087e-05,4.948189509528101e-05
0,1.330863349346606e-06,1.1275927980465233e-05,1.4355375878596666e-06,8.876125825168718e-06,7.551072646883287e-05,2.874365380094885e-05,4.94321982535206e-05,9.44416379364025e-06,8.616301018415687e-06,1.5692887106261433e-05,8.339794283644422e-07,6.852300069949336e-06,1.224442318289776e-05,1.953024083737925e-06,0.00010033371668720815,3.310357277027442e-06,2.0500194249683518e-05,8.019516534692386e-06,3.779878536797121e-06,2.7851256289500373e-06,1.6323877542922097e-06,0.0003583755725889658,2.8037512603257985e-06,4.527278334450865e-06,0.0019928805751500194,0.00019344236470303838,0.00023772236543573522,0.0025946598933022755,0.00040946841735349943
0,2.855026282219832e-06,1.9711582787507536e-06,2.829470125285525e-07,6.695626125634123e-06,9.322292991231635e-06,5.730723289648103e-07,1.1766673540737788e-05,1.335302953659659e-07,4.745689567439863e-06,9.31445377254036e-06,4.2930225561154155e-09,1.2839713866172775e-05,8.973780322826283e-06,7.0326375410596726e-06,2.8736143805191283e-05,1.3282450787550902e-07,2.204970618049931e-06,8.612347258486527e-07,4.58216675770876e-06,6.246459829778633e-08,1.9333965900800367e-06,3.587535370897691e-05,4.189562463077861e-06,2.127484281338851e-07,4.254101337588587e-06,3.908106688561815e-07,1.7017047198541857e-06,8.231409237938963e-06,1.5657653172593394e-05
0,2.2121647989100405e-06,5.965274259328222e-07,1.174181428475056e-06,4.401158088565994e-06,4.003818802178107e-06,7.000970985105963e-06,5.320359545427561e-06,1.877470182328622e-05,3.742504195827091e-06,1.0102397244107797e-05,1.0569791288043485e-07,2.24201910823004e-07,1.2636281832341761e-05,6.456085760853697e-07,9.588121713669576e-07,1.7471389733089157e-06,0.00036102952338123355,4.196401673397067e-07,1.7907145034606022e-05,1.413511617745798e-06,2.772695178753858e-05,7.93129841146921e-06,5.122608921707481e-06,1.4807833260954706e-05,0.00023268119639944935,4.492678086841879e-06,0.00010503451719838011,0.0027367241962327257,0.00047073092931094985,0.004791151368098229,0.0006940582917533376,0.00030841519807523984,1.4248266179141965e-06,0.0006687677192280273
0,4.0272656444508356e-07,1.7603819656528075e-06,2.390876954708971e-06,7.749462307336128e-07,2.5641030781011523e-06,2.4569156389797793e-08,4.081561926655117e-07,6.782190594074008e-06,4.974674042318785e-06,1.3807979536202196e-05,4.93143476181905e-07,6.457807914376326e-06,1.7919531680352225e-06,3.969613394968555e-06,1.1905487468438819e-06,5.73449273748365e-06,2.417999121067203e-06,7.029085107608774e-06,7.989597629781681e-07,4.767335157631279e-05,7.4499662163348695e-06,2.4176871830784192e-05,1.8247796124039323e-09,4.101896291718091e-07,8.400466630856823e-05,7.915549520804041e-07,4.298976334956118e-05,4.753565539204517e-06,1.1710518329767704e-05
0,3.081013299599112e-05,2.735070344665787e-05,3.3268671757134663e-06,1.8631146857768495e-05,0.000130489745119879,0.0007845822724042129,0.0002519743766671205,0.002432079605528612,0.001965448093904989,0.0032378096790390853,0.00130039190918035
0,6.999986854423259e-07,3.6987123947252544e-09,2.1669608288691426e-06,3.7680361952344683e-06,2.0928419315787015e-07,1.6194495465723683e-05,2.4936430301800918e-05,2.6473350959962893e-05,1.5723448762471524e-05
0,3.753222541840619e-06,3.92974887633073e-06,1.4827502387328475e-05,7.013850404809859e-07,6.404859521310068e-05,4.899065932000704e-06,4.29121438799724e-06,8.725563680336373e-05,9.30219689548606e-06,9.688592997418398e-05,0.0006210784862394616,0.00038020600967575695,1.0151972561858777e-05,3.857195502501011e-05
0,3.984538686755692e-06,4.479314448788384e-06,3.7443783667670033e-06,2.6138478924858704e-08,2.9265094550013537e-07,2.8422019496280245e-07,8.435850411426362e-07,3.695458178870548e-07,1.7301192765945598e-07,7.808772972983223e-06,2.9630927141183937e-06,2.4648450903976393e-05,8.380565675462824e-07,7.538465189322488e-05
0,4.2371957242273916e-05,9.070336706179019e-05,0.00012027714849279888,0.00033348314772285584,0.000435239000478378,0.00017583377971032102,0.0008902420959198592,0.00034814550580656103
0,6.454320126897643e-06,8.309871703580721e-07,6.516394390275236e-06,1.5092374387648627e-06,5.106934608465365e-05,5.0995954963910065e-06,8.259197277751428e-06
0,0.0001814093020529819,0.00010990267885061941,4.73512046710026e-05,0.0021651250608907963,0.0011677403645486673,0.00016867783080137003
0,1.4363472373985224e-08,3.3585300651636634e-05,1.963664991362592e-06,2.0121992535307e-06,1.4660856270756486e-06,1.526454586484748e-08
0,5.359004215657108e-08,8.711687400858759e-07,4.044784021932393e-09,3.7707446631427387e-06,1.0657426794899863e-05,2.356283562031325e-07,8.711067609769832e-06,1.0983376851510999e-07,8.208146327543116e-07,2.0334285183451983e-05,2.1907919597561967e-05,1.4250556120202388e-05,1.4360487710790649e-05,2.0003633092625766e-05,6.812566573492124e-05,2.8516482089745676e-05,0.00015537308333142403,1.3787689194027848e-05,0.00027970419731204407
0,1.101586697627211e-08,5.798299616597271e-08,5.363597280420145e-08,1.9808902288671763e-07,1.4455534660083514e-07,2.880462471525136e-07,6.874289070155429e-08,2.7094862740712673e-07,2.0292508749718354e-09,2.1632849596693373e-08,4.203402709342976e-06,5.769559074058304e-07,4.3873237991358037e-07,1.4980168968935638e-07,3.9598396875606174e-07,6.946446270613176e-07,7.393669207994802e-07,6.726042631971078e-07,2.543088612250649e-06,4.565180542251268e-07,2.478206618193263e-06,2.0940500478392825e-05,1.6103488380348274e-06
0,3.479797490269482e-06,3.327655672605237e-05,1.4151518450277118e-05,2.8400253780339963e-05,1.0166902952963274e-05,2.0686031586891046e-05,0.00010420310873511864,7.642879285403848e-05,2.006461822248104e-06,8.488286574941863e-05,0.0005588657554995764,0.0004630083137248623,0.000505249273730299,5.54972827376196e-05
0,2.6124646852091196e-07,5.732346790298849e-08,6.338735758709354e-07,8.112158778651974e-06,6.027662952252842e-07,9.427782647766914e-06,3.791520383705165e-07,8.234254612180639e-07,5.437543645649102e-06,2.8487648750643723e-06,1.154968603200948e-05,8.483795546079422e-06,3.4882860263038035e-09
0,1.2547826558033945e-05,4.890478840768124e-06,1.3455230511755045e-05,5.562317943240752e-07,7.070729857286101e-06,1.3550604187404833e-07,1.2668845117358032e-07,5.8150686589196136e-06,2.5661085212138836e-06,0.00010023479559396873,0.00010338087254983016,4.57432101839675e-06,0.00012283377946473178,2.116158741280114e-05,0.0004699291303427192,2.40382833534565e-06
0,2.954923586205625e-07,4.407340683327016e-08,8.454340097864739e-08,6.116113829516144e-07,6.843857228438668e-07,1.7290844512107043e-08,3.218551701161735e-06,1.206866119954138e-06,5.353334051819778e-07,1.4495644598793314e-05,1.7288505011931377e-06,3.7042407292260217e-06,1.2442883194978657e-07,8.228654677302015e-07,4.657974734065917e-06,2.520315181294875e-06
0,1.9766027604064086e-06,7.208844652473267e-07,3.1412278115060415e-06,5.194350671794123e-07,1.0976845717265365e-06,4.865336342863002e-06,2.7157878838063813e-05,1.9534312025450027e-06,1.775134528197994e-05,7.190173628498073e-05,3.341277029584863e-05,6.133790253878962e-05,1.2610111402200256e-05,0.00045072841279830765
0,5.300805132609848e-08,1.6855733848070666e-06,6.50138500744765e-07,3.2445364201120423e-07,6.409758619283013e-07,6.335564317767821e-09,1.363077048327104e-05,8.368940258804217e-08,1.685328230111126e-06,2.1022024307202724e-06,4.0741779736621436e-07,2.112461878303731e-06,1.1761072849025509e-06,1.616679392604689e-06,3.1404390781474155e-05,2.011313750425886e-06,5.013847003632138e-08,1.222465790883051e-05,5.936741919851182e-06
0,1.2111193085460708e-05,1.089550752324895e-05,2.297623537203754e-06,3.159803900277901e-06,1.4891815183483389e-05,3.0672915546403704e-06,5.140454248996559e-05,3.149437690259732e-06,8.027233513879961e-06,0.00017842896962379294,3.64403638432653e-05,0.00013268201987231263,2.4789085718654114e-06,0.0001342484658487509
0,3.779959126025978e-08,1.0234621333673902e-06,2.849805156991842e-09,3.071443668058539e-06,5.725264693764668e-07,1.1826304558804525e-07,8.32436596517136e-07,4.433574717281795e-07,1.940939819269626e-06,1.2349100961641059e-06,1.2098681955264312e-06,9.307748132125212e-06,3.4338627559624987e-06,9.569355741228337e-07,1.3378950127258776e-05,8.431761187321795e-06
0,5.063702606915203e-06,9.974437477433645e-06,6.7135981848656395e-06,2.724238534502062e-06,2.036667988035903e-06,1.3410907425811748e-05,2.12467669525085e-05,1.681636393618252e-05,0.00013297154920461872,2.959350668730304e-06,0.0002682190600616141,0.00013315077156721128,9.182663103086295e-06
0,1.1236348527114388e-06,6.480026529605199e-07,2.3211000643417498e-06,1.8579279373818501e-06,1.96845675429232e-06,1.6926981867300673e-08,2.5851082132410858e-05,5.397519055731198e-07,2.9441840520499604e-06,6.952880594587173e-08,1.448386856264464e-06,2.5399284396729357e-05,1.0282380982373236e-05,1.273310846673678e-05,1.3220487901238042e-05,7.534635777066385e-07
